Ticker,Date/Time,Open,High,Low,Close,Volume,
AAA,6/19/2020,12.75,12.90,12.70,12.90,1298560
AAM,6/19/2020,11.05,11.05,11.05,11.05,10
AAV,6/19/2020,5.70,6.10,5.50,6.10,748100
ABC,6/19/2020,10.30,10.30,10.30,10.30,100
ABR,6/19/2020,27.40,27.40,23.60,23.60,200
ABI,6/19/2020,28.40,29.70,27.70,29.70,25800
ABS,6/19/2020,11.30,11.50,11.00,11.50,229110
ABT,6/19/2020,30.55,31.00,30.55,31.00,370
AC4,6/19/2020,4.50,4.50,4.50,4.50,0
ACB,6/19/2020,23.80,24.50,23.80,24.40,2333200
ACC,6/19/2020,18.70,19.00,18.70,19.00,7000
ACE,6/19/2020,28.70,28.70,28.70,28.70,0
ACL,6/19/2020,22.80,23.45,22.80,23.45,29660
ACM,6/19/2020,0.70,0.80,0.60,0.60,1582900
ACS,6/19/2020,11.60,11.60,11.20,11.20,200
ACV,6/19/2020,62.40,63.50,62.20,62.90,193100
ADC,6/19/2020,14.40,14.40,14.40,14.40,100
ADG,6/19/2020,102.70,103.60,102.70,103.50,17600
ADP,6/19/2020,16.50,16.50,16.50,16.50,2000
ADS,6/19/2020,9.56,9.98,9.50,9.98,2540
AFX,6/19/2020,4.50,4.70,4.40,4.60,52600
AG1,6/19/2020,10.30,10.30,10.30,10.30,0
AGF,6/19/2020,2.90,2.90,2.90,2.90,0
AGG,6/19/2020,26.90,27.60,26.60,27.40,350110
AGM,6/19/2020,14.80,15.85,14.80,15.40,41010
AGP,6/19/2020,16.90,16.90,16.90,16.90,0
AGR,6/19/2020,3.60,3.72,3.60,3.72,340420
AGX,6/19/2020,27.00,27.00,27.00,27.00,200
ALT,6/19/2020,12.90,12.90,12.90,12.90,0
ALV,6/19/2020,2.00,2.00,2.00,2.00,100
AMC,6/19/2020,19.50,19.50,19.50,19.50,900
AMD,6/19/2020,3.51,3.60,3.48,3.57,3605130
AME,6/19/2020,7.50,7.50,7.50,7.50,0
AMP,6/19/2020,10.20,10.20,10.20,10.20,0
AMS,6/19/2020,7.00,7.00,7.00,7.00,2100
AMV,6/19/2020,17.10,17.90,17.00,17.80,588500
ANT,6/19/2020,10.70,10.70,10.70,10.70,1100
ANV,6/19/2020,18.00,18.70,18.00,18.65,243200
APC,6/19/2020,20.85,21.60,20.55,21.50,18030
APF,6/19/2020,29.00,29.00,29.00,29.00,7800
APG,6/19/2020,8.70,9.15,8.70,9.01,423860
API,6/19/2020,8.90,8.90,8.90,8.90,0
APL,6/19/2020,12.80,12.80,12.80,12.80,0
APP,6/19/2020,4.00,4.00,4.00,4.00,1000
APS,6/19/2020,2.40,2.40,2.40,2.40,10100
APT,6/19/2020,4.30,4.30,4.30,4.30,0
AQN,6/19/2020,8.70,8.70,8.70,8.70,0
ARM,6/19/2020,27.60,27.60,27.60,27.60,0
ART,6/19/2020,2.80,2.90,2.70,2.90,1164400
ASA,6/19/2020,1.10,1.20,1.10,1.20,75500
ASD,6/19/2020,3.10,3.10,3.10,3.10,0
ASM,6/19/2020,5.76,5.95,5.70,5.94,2688700
ASP,6/19/2020,5.79,5.80,5.51,5.79,50900
AST,6/19/2020,52.50,53.00,52.30,52.50,44950
ATA,6/19/2020,0.30,0.30,0.20,0.30,110100
ATB,6/19/2020,0.70,0.70,0.60,0.70,102500
ATD,6/19/2020,9.60,9.60,9.60,9.60,0
ATG,6/19/2020,0.80,0.84,0.75,0.78,234500
ATS,6/19/2020,26.70,26.70,26.70,26.70,0
AUM,6/19/2020,10.50,10.50,10.50,10.50,0
AVC,6/19/2020,25.00,25.00,25.00,25.00,0
AVF,6/19/2020,0.40,0.50,0.40,0.50,89600
B82,6/19/2020,0.40,0.40,0.40,0.40,1000
BAB,6/19/2020,18.20,18.20,18.20,18.20,2600
BAL,6/19/2020,7.50,7.50,7.50,7.50,0
BAX,6/19/2020,43.00,43.00,40.70,42.90,3200
BBC,6/19/2020,47.50,49.00,47.50,49.00,70
BBH,6/19/2020,26.80,26.80,26.80,26.80,0
BBM,6/19/2020,15.20,15.20,15.20,15.20,0
BBS,6/19/2020,11.70,11.70,11.70,11.70,0
BBT,6/19/2020,19.30,19.30,19.30,19.30,200
BCB,6/19/2020,6.60,6.60,6.60,6.60,0
BCC,6/19/2020,7.20,7.40,7.20,7.30,46100
BCE,6/19/2020,7.95,7.99,7.92,7.95,85830
BCF,6/19/2020,53.00,53.00,53.00,53.00,0
BCG,6/19/2020,6.24,6.28,6.21,6.23,83330
BCM,6/19/2020,26.20,26.70,26.20,26.50,6800
BCP,6/19/2020,11.00,11.00,11.00,11.00,0
BDB,6/19/2020,10.80,10.80,10.80,10.80,0
BDC,6/19/2020,7.80,7.80,7.80,7.80,0
BDF,6/19/2020,16.00,16.00,16.00,16.00,0
BDG,6/19/2020,29.70,29.70,29.70,29.70,0
BDP,6/19/2020,10.00,10.00,10.00,10.00,0
BDT,6/19/2020,16.50,17.20,16.50,17.20,800
BDW,6/19/2020,14.00,14.00,14.00,14.00,0
BED,6/19/2020,33.00,33.00,33.00,33.00,100
BEL,6/19/2020,10.90,10.90,10.90,10.90,0
BFC,6/19/2020,12.35,12.65,12.35,12.65,384570
BGW,6/19/2020,19.50,19.50,19.50,19.50,0
BHA,6/19/2020,11.50,11.50,11.50,11.50,0
BHC,6/19/2020,2.50,2.50,2.50,2.50,0
BHG,6/19/2020,12.10,12.10,12.10,12.10,0
BHK,6/19/2020,11.50,11.50,11.50,11.50,0
BHN,6/19/2020,54.90,54.90,53.00,54.60,1420
BHP,6/19/2020,6.00,6.00,6.00,6.00,0
BHT,6/19/2020,5.50,5.50,5.50,5.50,0
BHV,6/19/2020,6.00,6.00,6.00,6.00,0
BIC,6/19/2020,20.60,20.85,20.30,20.70,140700
BID,6/19/2020,41.20,41.45,40.70,41.45,720420
BII,6/19/2020,0.90,1.00,0.80,0.90,591300
BIO,6/19/2020,9.80,9.80,9.80,9.80,0
BKC,6/19/2020,6.10,6.10,6.10,6.10,0
BKH,6/19/2020,32.80,32.80,32.80,32.80,0
BLF,6/19/2020,2.90,3.00,2.70,3.00,127100
BLI,6/19/2020,6.70,7.10,6.70,7.10,3700
BLN,6/19/2020,1.20,1.20,1.20,1.20,0
BLT,6/19/2020,14.00,14.00,14.00,14.00,0
BLU,6/19/2020,10.00,10.00,10.00,10.00,0
BLW,6/19/2020,18.10,18.10,18.10,18.10,0
BM9,6/19/2020,10.20,10.20,10.20,10.20,0
BMC,6/19/2020,11.15,12.00,11.15,12.00,18920
BMD,6/19/2020,11.80,11.80,11.80,11.80,0
BMF,6/19/2020,17.10,17.10,17.10,17.10,0
BMG,6/19/2020,27.00,27.00,27.00,27.00,0
BMI,6/19/2020,22.00,22.20,21.75,22.00,118130
BMJ,6/19/2020,19.00,19.00,19.00,19.00,0
BMN,6/19/2020,5.80,5.80,5.80,5.80,0
BMP,6/19/2020,51.90,54.40,51.50,54.00,516910
BMS,6/19/2020,3.80,3.80,3.80,3.80,0
BMV,6/19/2020,10.00,10.00,10.00,10.00,0
BNW,6/19/2020,9.10,9.10,9.10,9.10,0
BOT,6/19/2020,51.30,51.70,51.00,51.30,30100
BPC,6/19/2020,10.90,10.90,10.90,10.90,100
BPW,6/19/2020,25.20,25.20,25.20,25.20,100
BQB,6/19/2020,4.50,4.50,4.50,4.50,0
BRC,6/19/2020,10.05,10.05,10.05,10.05,0
BRR,6/19/2020,9.00,9.00,9.00,9.00,6700
BRS,6/19/2020,14.00,14.00,14.00,14.00,0
BSA,6/19/2020,13.00,13.00,12.00,12.00,12400
BSC,6/19/2020,15.20,15.20,15.20,15.20,0
BSD,6/19/2020,35.50,35.50,35.50,35.50,0
BSG,6/19/2020,10.20,10.20,10.20,10.20,0
BSH,6/19/2020,18.30,18.30,18.30,18.30,0
BSI,6/19/2020,8.29,8.29,8.05,8.08,15840
BSL,6/19/2020,12.00,12.00,12.00,12.00,0
BSP,6/19/2020,17.00,17.00,17.00,17.00,10500
BSQ,6/19/2020,21.00,21.00,21.00,21.00,0
BSR,6/19/2020,7.10,7.50,7.10,7.40,6587800
BST,6/19/2020,13.40,13.40,13.40,13.40,100
BT1,6/19/2020,15.40,15.40,15.40,15.40,0
BT6,6/19/2020,1.30,1.30,1.30,1.30,0
BTB,6/19/2020,7.00,7.00,7.00,7.00,0
BTD,6/19/2020,22.10,22.10,22.10,22.10,100
BTG,6/19/2020,5.50,5.50,5.50,5.50,0
BTH,6/19/2020,3.30,3.30,3.30,3.30,0
BTN,6/19/2020,2.70,2.70,2.70,2.70,100
BTP,6/19/2020,14.50,14.70,14.25,14.70,35030
BTR,6/19/2020,4.10,4.10,4.10,4.10,0
BTS,6/19/2020,4.00,4.00,4.00,4.00,4900
BTT,6/19/2020,38.95,38.95,37.10,38.95,3110
BTU,6/19/2020,12.50,12.50,12.50,12.50,0
BTV,6/19/2020,29.50,29.50,29.50,29.50,0
BTW,6/19/2020,33.59,33.59,33.59,33.59,0
BUD,6/19/2020,5.70,5.70,5.70,5.70,100
BVG,6/19/2020,1.40,1.40,1.40,1.40,0
BVH,6/19/2020,48.00,49.50,48.00,49.50,1296450
BVN,6/19/2020,11.70,11.70,11.70,11.70,0
BVS,6/19/2020,9.60,10.00,9.60,10.00,19400
BWA,6/19/2020,4.70,4.70,4.70,4.70,0
BWE,6/19/2020,23.90,24.20,23.75,24.15,82980
BWS,6/19/2020,35.70,35.70,35.70,35.70,0
BXH,6/19/2020,17.40,17.40,17.40,17.40,0
BXT,6/19/2020,10.60,10.60,10.60,10.60,31800
C12,6/19/2020,3.90,3.90,3.90,3.90,0
C21,6/19/2020,25.50,25.50,25.50,25.50,0
C22,6/19/2020,13.50,13.50,13.50,13.50,0
C32,6/19/2020,23.60,24.55,23.50,24.35,10780
C36,6/19/2020,10.00,10.00,10.00,10.00,0
C47,6/19/2020,10.50,10.60,10.50,10.50,4800
C4G,6/19/2020,6.90,7.00,6.80,6.90,253800
C69,6/19/2020,6.20,6.40,6.20,6.40,178600
C71,6/19/2020,7.60,7.60,7.60,7.60,0
C92,6/19/2020,3.10,3.50,3.00,3.50,51500
CAB,6/19/2020,140.90,140.90,140.90,140.90,0
CAD,6/19/2020,0.40,0.40,0.40,0.40,1400
CAG,6/19/2020,85.90,85.90,85.90,85.90,0
CAM,6/19/2020,15.70,15.70,15.70,15.70,0
CAN,6/19/2020,22.10,22.10,22.10,22.10,100
CAP,6/19/2020,28.50,28.90,28.50,28.90,1900
CAT,6/19/2020,9.70,9.90,9.70,9.90,7700
CAV,6/19/2020,69.50,69.50,69.20,69.20,20
CBC,6/19/2020,9.70,9.70,9.70,9.70,0
CBI,6/19/2020,4.40,4.40,4.40,4.40,0
CBS,6/19/2020,7.90,7.90,7.90,7.90,0
CC1,6/19/2020,15.20,15.20,15.20,15.20,0
CC4,6/19/2020,10.30,10.30,10.30,10.30,5000
CCA,6/19/2020,7.60,7.70,7.60,7.70,7000
CCH,6/19/2020,3.90,3.90,3.90,3.90,0
CCI,6/19/2020,13.40,13.80,13.35,13.80,5020
CCL,6/19/2020,6.70,7.05,6.70,7.05,247390
CCM,6/19/2020,30.70,30.70,30.70,30.70,0
CCP,6/19/2020,14.90,14.90,14.90,14.90,0
CCR,6/19/2020,12.00,12.00,12.00,12.00,0
CCT,6/19/2020,9.50,9.50,9.50,9.50,0
CCV,6/19/2020,17.50,17.50,17.50,17.50,0
CDC,6/19/2020,18.70,18.70,18.70,18.70,910
CDG,6/19/2020,7.80,7.80,7.80,7.80,0
CDH,6/19/2020,2.90,2.90,2.90,2.90,0
CDN,6/19/2020,18.40,18.40,17.60,18.40,1600
CDO,6/19/2020,1.00,1.00,0.90,0.90,50900
CDP,6/19/2020,9.00,9.00,9.00,9.00,0
CDR,6/19/2020,6.50,6.50,6.50,6.50,0
CE1,6/19/2020,8.40,8.40,8.40,8.40,0
CEC,6/19/2020,15.00,15.00,15.00,15.00,0
CEE,6/19/2020,14.20,14.50,14.20,14.50,1130
CEG,6/19/2020,10.90,10.90,10.90,10.90,0
CEN,6/19/2020,6.30,6.80,6.30,6.40,9400
CEO,6/19/2020,8.90,9.60,8.80,9.30,4310400
CET,6/19/2020,1.80,1.90,1.80,1.90,46400
CFC,6/19/2020,23.10,23.10,23.10,23.10,0
CFV,6/19/2020,21.30,21.30,21.30,21.30,0
CGV,6/19/2020,4.20,4.20,4.20,4.20,0
CH5,6/19/2020,11.30,11.30,11.30,11.30,0
CHC,6/19/2020,1.20,1.20,1.20,1.20,0
CHP,6/19/2020,19.10,19.10,19.10,19.10,0
CHS,6/19/2020,8.20,8.20,8.20,8.20,700
CI5,6/19/2020,4.00,4.00,4.00,4.00,0
CIA,6/19/2020,12.00,12.00,11.80,11.90,9100
CID,6/19/2020,5.80,5.80,5.80,5.80,0
CIG,6/19/2020,2.84,2.84,2.48,2.49,67930
CIP,6/19/2020,20.70,20.70,20.70,20.70,0
CII,6/19/2020,19.10,19.25,18.95,19.15,1101600
CJC,6/19/2020,12.50,12.50,12.50,12.50,600
CKA,6/19/2020,17.00,17.00,17.00,17.00,300
CKD,6/19/2020,16.50,16.50,16.50,16.50,0
CKG,6/19/2020,11.90,11.95,11.40,11.95,1403840
CKH,6/19/2020,3.20,3.20,3.20,3.20,0
CKV,6/19/2020,12.00,12.00,11.90,12.00,6400
CLC,6/19/2020,26.40,26.85,26.40,26.80,21350
CLG,6/19/2020,1.72,1.72,1.61,1.70,305840
CLH,6/19/2020,17.90,18.30,17.90,18.30,3300
CLL,6/19/2020,27.40,30.00,27.40,30.00,3990
CLM,6/19/2020,16.00,16.00,16.00,16.00,0
CLW,6/19/2020,24.65,24.65,24.65,24.65,0
CLX,6/19/2020,11.90,13.00,11.90,12.90,2900
CMC,6/19/2020,5.40,5.40,5.40,5.40,200
CMD,6/19/2020,10.00,10.00,10.00,10.00,0
CMF,6/19/2020,120.00,120.00,120.00,120.00,0
CMI,6/19/2020,1.20,1.20,1.20,1.20,1300
CMK,6/19/2020,8.30,8.30,8.30,8.30,0
CMN,6/19/2020,44.00,44.00,44.00,44.00,0
CMP,6/19/2020,8.70,8.70,8.70,8.70,0
CMS,6/19/2020,2.40,2.40,2.40,2.40,5200
CMT,6/19/2020,6.50,6.50,6.50,6.50,0
CMV,6/19/2020,13.40,13.40,13.40,13.40,10
CMW,6/19/2020,12.60,12.60,12.60,12.60,0
CMX,6/19/2020,16.50,17.50,16.50,17.20,691160
CNC,6/19/2020,19.00,19.00,18.50,18.50,1100
CNG,6/19/2020,20.70,20.90,20.70,20.80,6610
CNH,6/19/2020,6.00,6.00,6.00,6.00,0
CNN,6/19/2020,17.00,17.00,17.00,17.00,0
CNT,6/19/2020,6.40,6.40,6.40,6.40,100
COM,6/19/2020,41.00,41.00,41.00,41.00,0
CPA,6/19/2020,4.80,4.80,4.80,4.80,0
CPC,6/19/2020,16.50,16.50,16.50,16.50,0
CPH,6/19/2020,5.10,5.10,5.10,5.10,0
CPI,6/19/2020,1.00,1.00,1.00,1.00,0
CPW,6/19/2020,3.00,3.00,3.00,3.00,0
CQT,6/19/2020,2.50,2.50,2.50,2.50,0
CRC,6/19/2020,11.65,11.65,11.50,11.60,97130
CRE,6/19/2020,18.10,18.40,18.05,18.30,794310
CSI,6/19/2020,13.00,13.00,13.00,13.00,0
CSC,6/19/2020,29.50,29.50,27.60,28.00,29900
CSM,6/19/2020,15.15,15.30,14.80,15.10,14550
CSV,6/19/2020,22.35,22.80,22.35,22.60,125480
CT3,6/19/2020,9.00,9.00,9.00,9.00,500
CT5,6/19/2020,10.20,10.20,10.20,10.20,0
CT6,6/19/2020,3.40,3.40,3.40,3.40,0
CTA,6/19/2020,0.20,0.20,0.20,0.20,20000
CTB,6/19/2020,32.00,32.00,32.00,32.00,0
CTC,6/19/2020,3.30,3.50,3.30,3.40,7700
CTD,6/19/2020,62.60,64.90,62.40,63.40,178350
CTF,6/19/2020,21.00,21.20,20.75,21.15,135200
CTG,6/19/2020,23.15,23.40,22.95,23.35,2865250
CTI,6/19/2020,17.60,17.80,17.20,17.30,734040
CTN,6/19/2020,0.20,0.20,0.20,0.20,0
CTP,6/19/2020,3.30,3.50,3.30,3.40,54600
CTR,6/19/2020,44.00,45.00,43.50,45.00,291100
CTS,6/19/2020,7.15,7.16,7.03,7.15,74360
CTT,6/19/2020,9.60,9.60,9.60,9.60,0
CTW,6/19/2020,9.00,9.00,9.00,9.00,0
CTX,6/19/2020,9.00,9.00,8.30,8.70,4900
CVC,6/19/2020,6.40,6.40,6.40,6.40,0
CVH,6/19/2020,11.30,11.30,11.30,11.30,0
CVN,6/19/2020,11.00,11.30,11.00,11.00,13200
CVT,6/19/2020,17.55,18.15,17.55,18.00,253340
CX8,6/19/2020,8.60,8.60,8.60,8.60,0
CXH,6/19/2020,7.00,7.00,7.00,7.00,0
CYC,6/19/2020,0.80,0.80,0.80,0.80,2900
D11,6/19/2020,35.20,35.20,31.70,31.70,11200
D2D,6/19/2020,58.10,58.30,57.50,58.10,89790
DAC,6/19/2020,2.90,2.90,2.90,2.90,0
DAD,6/19/2020,14.60,15.20,14.60,15.20,300
DAE,6/19/2020,14.00,14.30,13.90,14.00,6000
DAG,6/19/2020,5.61,5.72,5.51,5.69,419270
DAH,6/19/2020,15.50,15.80,15.40,15.80,660090
DAP,6/19/2020,18.00,18.00,18.00,18.00,0
DAR,6/19/2020,13.20,13.20,13.20,13.20,0
DAS,6/19/2020,11.40,11.40,11.40,11.40,0
DAT,6/19/2020,7.29,7.29,7.29,7.29,10
DBC,6/19/2020,47.00,49.75,46.80,49.75,2839410
DBD,6/19/2020,47.50,47.50,46.65,47.45,4470
DBH,6/19/2020,10.00,10.00,10.00,10.00,0
DBM,6/19/2020,40.00,40.00,40.00,40.00,0
DBT,6/19/2020,11.00,11.00,10.50,10.50,1700
DBW,6/19/2020,10.00,10.00,10.00,10.00,0
DC1,6/19/2020,12.60,12.60,12.60,12.60,0
DC2,6/19/2020,6.20,6.20,6.20,6.20,0
DC4,6/19/2020,14.00,14.00,14.00,14.00,0
DCF,6/19/2020,9.90,9.90,9.90,9.90,0
DCG,6/19/2020,21.50,21.50,21.50,21.50,0
DCH,6/19/2020,5.20,5.20,5.20,5.20,0
DCI,6/19/2020,1.30,1.30,1.30,1.30,0
DCL,6/19/2020,21.20,21.90,21.10,21.80,33170
DCM,6/19/2020,8.50,8.84,8.50,8.81,2790890
DCR,6/19/2020,2.00,2.00,2.00,2.00,0
DCS,6/19/2020,0.40,0.50,0.40,0.50,1671400
DCT,6/19/2020,0.60,0.70,0.60,0.70,12500
DDG,6/19/2020,28.00,28.30,27.60,28.20,55600
DDH,6/19/2020,5.30,5.30,5.30,5.30,0
DDM,6/19/2020,0.50,0.50,0.40,0.40,3500
DDN,6/19/2020,10.80,10.80,10.80,10.80,100
DDV,6/19/2020,5.70,5.70,5.70,5.70,1000
DFC,6/19/2020,18.80,18.80,18.80,18.80,0
DFS,6/19/2020,7.00,7.00,7.00,7.00,0
DGC,6/19/2020,38.00,40.00,38.00,39.30,182000
DGT,6/19/2020,107.20,107.20,107.20,107.20,0
DGW,6/19/2020,32.55,34.60,32.50,34.60,915150
DHA,6/19/2020,29.00,29.95,29.00,29.95,2510
DHB,6/19/2020,7.20,7.20,7.20,7.20,0
DHC,6/19/2020,35.50,35.50,34.40,34.50,359300
DHD,6/19/2020,23.00,23.00,23.00,23.00,0
DHG,6/19/2020,92.00,93.00,92.00,92.10,24170
DHM,6/19/2020,9.25,9.35,9.00,9.35,32170
DHN,6/19/2020,10.50,10.50,10.50,10.50,0
DHP,6/19/2020,10.00,10.00,10.00,10.00,12700
DHT,6/19/2020,45.50,45.70,44.80,45.70,12600
DIC,6/19/2020,1.90,1.99,1.88,1.97,310160
DID,6/19/2020,3.40,3.40,3.40,3.40,0
DIG,6/19/2020,11.95,12.35,11.95,12.30,1217400
DIH,6/19/2020,16.80,16.80,16.80,16.80,100
DKH,6/19/2020,21.00,21.00,21.00,21.00,0
DKP,6/19/2020,10.00,10.00,10.00,10.00,0
DL1,6/19/2020,20.20,21.00,20.20,20.50,600
DLD,6/19/2020,18.80,18.80,18.80,18.80,0
DLG,6/19/2020,1.88,1.98,1.87,1.91,7621230
DLR,6/19/2020,9.10,9.10,9.10,9.10,0
DLT,6/19/2020,9.30,9.30,9.30,9.30,0
DM7,6/19/2020,7.80,7.80,7.80,7.80,0
DMC,6/19/2020,51.50,51.60,51.20,51.40,111750
DNA,6/19/2020,20.00,20.00,20.00,20.00,0
DNB,6/19/2020,11.50,11.50,11.50,11.50,0
DNC,6/19/2020,61.00,61.00,61.00,61.00,0
DND,6/19/2020,23.30,23.30,23.30,23.30,0
DNE,6/19/2020,9.50,9.50,9.50,9.50,0
DNH,6/19/2020,22.80,22.80,22.80,22.80,1000
DNL,6/19/2020,16.20,16.20,16.20,16.20,0
DNM,6/19/2020,40.10,43.50,38.60,43.00,29000
DNN,6/19/2020,1.10,1.10,1.10,1.10,0
DNP,6/19/2020,16.50,16.50,16.50,16.50,0
DNR,6/19/2020,11.90,11.90,11.90,11.90,0
DNS,6/19/2020,9.40,9.40,9.40,9.40,0
DNT,6/19/2020,15.50,15.50,15.50,15.50,0
DNW,6/19/2020,16.50,17.70,16.50,17.00,300
DNY,6/19/2020,1.50,1.50,1.50,1.50,900
DOC,6/19/2020,8.50,8.50,8.50,8.50,0
DOP,6/19/2020,16.40,16.40,16.40,16.40,0
DP1,6/19/2020,10.90,10.90,10.90,10.90,0
DP2,6/19/2020,3.00,3.00,3.00,3.00,0
DP3,6/19/2020,68.50,68.50,68.00,68.50,3300
DPC,6/19/2020,10.50,10.50,10.50,10.50,0
DPG,6/19/2020,23.60,24.60,23.50,24.60,313000
DPH,6/19/2020,22.00,22.00,22.00,22.00,1000
DPM,6/19/2020,14.10,14.45,14.10,14.35,1992290
DPP,6/19/2020,17.00,17.00,17.00,17.00,0
DPR,6/19/2020,38.00,38.70,38.00,38.00,17730
DPS,6/19/2020,0.30,0.40,0.30,0.30,1090400
DQC,6/19/2020,16.70,16.70,16.60,16.60,6950
DRC,6/19/2020,19.45,19.45,19.15,19.35,124810
DRG,6/19/2020,9.60,9.60,9.60,9.60,0
DRH,6/19/2020,7.80,8.25,7.69,8.21,2080450
DRI,6/19/2020,4.60,4.90,4.50,4.80,328200
DRL,6/19/2020,51.00,51.00,51.00,51.00,1700
DS3,6/19/2020,3.90,4.20,3.90,4.20,433400
DSC,6/19/2020,5.90,6.00,5.90,6.00,600
DSG,6/19/2020,22.00,22.00,22.00,22.00,0
DSN,6/19/2020,46.40,46.90,46.40,46.55,3060
DSP,6/19/2020,11.10,12.70,10.90,12.70,2400
DSS,6/19/2020,7.50,7.50,7.50,7.50,0
DST,6/19/2020,7.40,7.40,6.90,6.90,1287200
DSV,6/19/2020,12.00,12.00,12.00,12.00,0
DT4,6/19/2020,9.20,9.20,9.20,9.20,0
DTA,6/19/2020,4.38,4.48,3.90,4.47,53060
DTB,6/19/2020,6.50,6.50,6.50,6.50,0
DTC,6/19/2020,8.10,9.30,8.10,9.30,4100
DTD,6/19/2020,11.60,11.70,11.60,11.70,77900
DTG,6/19/2020,12.30,12.30,12.30,12.30,0
DTI,6/19/2020,10.00,10.00,10.00,10.00,0
DTK,6/19/2020,7.60,7.60,7.60,7.60,0
DTL,6/19/2020,11.05,11.05,11.05,11.05,0
DTN,6/19/2020,28.30,28.30,28.30,28.30,0
DTP,6/19/2020,23.00,23.00,23.00,23.00,0
DTT,6/19/2020,13.50,13.50,13.50,13.50,0
DTV,6/19/2020,35.60,35.60,35.60,35.60,0
DUS,6/19/2020,12.80,12.80,12.80,12.80,0
DVC,6/19/2020,10.00,10.00,10.00,10.00,0
DVN,6/19/2020,10.70,11.20,10.70,10.90,166700
DVP,6/19/2020,34.00,34.50,34.00,34.30,8710
DVW,6/19/2020,14.00,14.00,14.00,14.00,0
DWS,6/19/2020,11.00,11.00,11.00,11.00,0
DX2,6/19/2020,10.20,10.20,10.20,10.20,0
DXD,6/19/2020,10.00,10.00,10.00,10.00,0
DXG,6/19/2020,12.10,12.75,12.10,12.70,7431150
DXL,6/19/2020,3.50,3.50,3.50,3.50,0
DXP,6/19/2020,10.00,10.20,10.00,10.20,15700
DXV,6/19/2020,2.45,2.50,2.30,2.35,23370
DZM,6/19/2020,5.00,5.30,4.80,5.10,59100
E12,6/19/2020,8.00,8.00,8.00,8.00,0
E1VFVN30,6/19/2020,13.32,13.50,13.31,13.50,574780
E29,6/19/2020,13.10,13.10,13.10,13.10,0
EAD,6/19/2020,15.80,15.80,15.80,15.80,0
EBA,6/19/2020,9.00,9.00,9.00,9.00,0
EBS,6/19/2020,7.10,7.10,7.10,7.10,300
ECI,6/19/2020,13.20,13.20,13.20,13.20,0
EFI,6/19/2020,2.60,2.60,2.00,2.50,5000
EIB,6/19/2020,17.90,18.25,17.90,18.25,106470
EIC,6/19/2020,9.20,9.20,9.20,9.20,0
EID,6/19/2020,11.00,11.30,10.90,11.30,34100
EIN,6/19/2020,3.90,3.90,3.90,3.90,1000
ELC,6/19/2020,5.65,5.70,5.55,5.70,193160
EMC,6/19/2020,19.00,19.00,19.00,19.00,0
EME,6/19/2020,74.00,74.00,74.00,74.00,0
EMG,6/19/2020,20.00,20.00,20.00,20.00,0
EMS,6/19/2020,38.30,38.30,38.30,38.30,0
EPC,6/19/2020,6.20,6.20,6.20,6.20,0
EPH,6/19/2020,6.70,6.70,6.70,6.70,0
EVE,6/19/2020,9.70,10.15,9.67,9.94,10030
EVF,6/19/2020,7.20,7.40,7.10,7.30,77100
EVG,6/19/2020,4.60,4.92,4.59,4.88,1474010
EVS,6/19/2020,7.30,7.30,7.30,7.30,100
FBA,6/19/2020,0.90,0.90,0.90,0.90,0
FBC,6/19/2020,8.10,8.10,8.10,8.10,0
FCC,6/19/2020,11.00,11.00,11.00,11.00,0
FCM,6/19/2020,6.39,6.40,6.29,6.40,69390
FCN,6/19/2020,9.85,10.00,9.73,9.97,862920
FCS,6/19/2020,7.60,7.60,7.60,7.60,0
FDC,6/19/2020,12.15,12.15,12.00,12.00,140
FDG,6/19/2020,0.50,0.50,0.40,0.50,500
FGL,6/19/2020,11.10,11.10,11.10,11.10,0
FHN,6/19/2020,14.30,14.30,14.30,14.30,0
FHS,6/19/2020,32.00,32.00,32.00,32.00,0
FIC,6/19/2020,10.20,10.20,10.20,10.20,0
FID,6/19/2020,1.00,1.10,1.00,1.00,7200
FIR,6/19/2020,30.50,30.65,30.40,30.60,107140
FIT,6/19/2020,7.82,8.36,7.82,8.36,1881020
FLC,6/19/2020,3.50,3.70,3.45,3.69,17439100
FMC,6/19/2020,28.80,30.50,28.80,30.30,471360
FOC,6/19/2020,123.40,123.50,123.40,123.50,200
FOX,6/19/2020,54.90,57.00,54.90,57.00,112000
FPT,6/19/2020,46.60,47.00,46.60,47.00,745470
FRC,6/19/2020,26.50,26.50,26.50,26.50,0
FRM,6/19/2020,17.60,17.60,17.60,17.60,0
FRT,6/19/2020,23.85,25.20,23.85,25.00,1063310
FSO,6/19/2020,11.50,11.50,11.50,11.50,0
FT1,6/19/2020,31.00,31.00,31.00,31.00,500
FTI,6/19/2020,2.50,2.50,2.50,2.50,0
FTM,6/19/2020,1.76,1.89,1.76,1.84,338060
FTS,6/19/2020,12.50,12.90,12.50,12.75,77380
FUCTVGF1,6/19/2020,11.90,11.90,11.90,11.90,0
FUCTVGF2,6/19/2020,9.54,9.54,9.54,9.54,0
FUCVREIT,6/19/2020,6.20,6.20,6.20,6.20,100
FUESSV50,6/19/2020,11.70,11.75,11.70,11.75,88250
FUESSVFL,6/19/2020,9.45,9.45,9.45,9.45,860
FUEVFVND,6/19/2020,11.90,12.04,11.90,12.04,132810
G20,6/19/2020,0.20,0.30,0.20,0.30,13200
G36,6/19/2020,5.50,6.20,5.40,6.20,2100000
GAB,6/19/2020,152.00,156.00,152.00,152.30,20550
GAS,6/19/2020,73.20,73.30,72.60,72.60,303720
GCB,6/19/2020,3.00,3.00,3.00,3.00,0
GDT,6/19/2020,29.60,29.80,29.60,29.80,13480
GDW,6/19/2020,23.50,23.50,23.50,23.50,0
GEG,6/19/2020,19.40,20.10,19.40,20.00,488110
GER,6/19/2020,8.60,8.60,8.60,8.60,0
GEX,6/19/2020,16.70,17.00,16.60,17.00,1538080
GGG,6/19/2020,1.00,1.00,1.00,1.00,3000
GGS,6/19/2020,3.10,3.10,3.10,3.10,0
GHC,6/19/2020,31.70,31.70,31.70,31.70,2500
GIL,6/19/2020,18.50,18.85,18.30,18.70,108190
GKM,6/19/2020,17.70,17.90,17.50,17.90,177700
GLC,6/19/2020,10.00,10.00,10.00,10.00,0
GLT,6/19/2020,21.50,21.50,21.50,21.50,0
GLW,6/19/2020,6.50,6.50,6.50,6.50,0
GMC,6/19/2020,19.80,19.80,19.00,19.20,61250
GMD,6/19/2020,19.30,19.65,19.30,19.65,229200
GMX,6/19/2020,23.50,23.50,23.50,23.50,0
GND,6/19/2020,24.10,24.10,24.00,24.00,300
GQN,6/19/2020,10.10,10.10,10.10,10.10,0
GSM,6/19/2020,8.40,8.40,8.40,8.40,0
GSP,6/19/2020,10.80,10.90,10.80,10.90,9620
GTA,6/19/2020,10.65,11.00,10.65,10.75,12670
GTD,6/19/2020,30.30,30.30,30.30,30.30,0
GTH,6/19/2020,4.50,4.50,4.50,4.50,0
GTK,6/19/2020,12.00,12.00,12.00,12.00,0
GTN,6/19/2020,17.20,17.75,17.15,17.70,1052290
GTS,6/19/2020,10.10,10.10,10.10,10.10,0
GTT,6/19/2020,0.30,0.40,0.20,0.30,71900
GVR,6/19/2020,12.45,12.75,12.45,12.60,1155640
GVT,6/19/2020,29.00,29.00,29.00,29.00,100
H11,6/19/2020,13.80,13.80,13.80,13.80,0
HAB,6/19/2020,27.80,27.80,27.80,27.80,0
HAC,6/19/2020,4.70,4.90,4.70,4.90,1000
HAD,6/19/2020,14.00,14.00,13.90,13.90,2600
HAF,6/19/2020,26.40,26.40,26.40,26.40,0
HAG,6/19/2020,4.93,5.31,4.93,5.23,7301580
HAH,6/19/2020,11.40,11.70,11.40,11.70,80630
HAI,6/19/2020,3.50,3.77,3.50,3.70,3163140
HAM,6/19/2020,21.50,21.50,21.50,21.50,0
HAN,6/19/2020,11.50,11.50,11.50,11.50,100
HAP,6/19/2020,3.13,3.19,3.06,3.16,113700
HAR,6/19/2020,3.36,3.47,3.33,3.44,667250
HAS,6/19/2020,7.50,7.50,6.85,7.29,2910
HAT,6/19/2020,19.10,20.10,19.10,20.00,10200
HAV,6/19/2020,3.10,3.10,3.10,3.10,0
HAX,6/19/2020,11.70,11.95,11.70,11.85,91920
HBC,6/19/2020,11.50,12.15,11.50,11.95,6425680
HBD,6/19/2020,14.50,14.50,14.50,14.50,0
HBE,6/19/2020,7.00,7.00,7.00,7.00,0
HBH,6/19/2020,4.60,4.60,4.60,4.60,0
HBS,6/19/2020,2.10,2.10,2.10,2.10,24000
HBW,6/19/2020,11.70,11.70,11.70,11.70,0
HC1,6/19/2020,24.80,24.80,24.80,24.80,0
HC3,6/19/2020,23.60,23.60,23.60,23.60,0
HCB,6/19/2020,22.00,22.00,20.50,20.50,2000
HCC,6/19/2020,11.70,11.80,11.70,11.80,5600
HCD,6/19/2020,3.22,3.39,3.22,3.36,331570
HCI,6/19/2020,10.80,10.80,10.80,10.80,0
HCM,6/19/2020,18.60,19.45,18.55,19.40,2400720
HCS,6/19/2020,107.30,107.30,107.30,107.30,0
HCT,6/19/2020,10.50,10.50,10.50,10.50,100
HD2,6/19/2020,5.50,5.50,5.50,5.50,0
HD8,6/19/2020,7.90,7.90,7.90,7.90,100
HDA,6/19/2020,9.20,9.60,8.80,9.00,317300
HDB,6/19/2020,26.35,26.80,26.35,26.80,456590
HDC,6/19/2020,16.25,17.00,16.20,16.80,1272320
HDG,6/19/2020,21.00,21.30,20.70,21.30,313520
HDM,6/19/2020,15.50,15.50,15.50,15.50,0
HDO,6/19/2020,0.30,0.30,0.30,0.30,6300
HDP,6/19/2020,9.10,10.50,9.10,10.50,2500
HDW,6/19/2020,12.40,12.40,12.40,12.40,0
HEC,6/19/2020,45.00,46.30,45.00,46.30,500
HEJ,6/19/2020,19.50,19.50,19.50,19.50,2000
HEM,6/19/2020,11.50,14.50,11.50,14.00,1500
HEP,6/19/2020,8.70,8.70,8.70,8.70,0
HES,6/19/2020,10.50,10.50,10.50,10.50,0
HEV,6/19/2020,10.50,10.50,10.50,10.50,1000
HFB,6/19/2020,5.50,5.50,5.50,5.50,1300
HFC,6/19/2020,9.40,9.40,8.30,8.30,200
HFS,6/19/2020,23.00,23.00,23.00,23.00,0
HFT,6/19/2020,10.80,10.80,10.80,10.80,0
HFX,6/19/2020,1.40,1.40,1.40,1.40,0
HGA,6/19/2020,15.40,15.40,15.40,15.40,778100
HGC,6/19/2020,10.00,10.00,10.00,10.00,0
HGM,6/19/2020,36.10,36.10,36.10,36.10,0
HHC,6/19/2020,101.00,101.00,101.00,101.00,0
HHG,6/19/2020,1.50,1.50,1.40,1.50,18300
HHN,6/19/2020,6.60,6.60,6.60,6.60,0
HHP,6/19/2020,11.10,11.10,10.70,11.00,174400
HHR,6/19/2020,1.60,1.60,1.60,1.60,0
HHS,6/19/2020,4.50,4.60,4.47,4.54,2681820
HHV,6/19/2020,16.10,16.10,16.10,16.10,0
HID,6/19/2020,3.01,3.15,2.95,3.06,431850
HIG,6/19/2020,7.00,7.00,7.00,7.00,15000
HII,6/19/2020,14.35,15.30,14.35,14.80,262020
HIZ,6/19/2020,24.10,24.10,24.10,24.10,0
HJC,6/19/2020,5.50,5.50,5.50,5.50,0
HJS,6/19/2020,24.00,24.00,24.00,24.00,0
HKB,6/19/2020,1.10,1.10,1.00,1.10,1347300
HKC,6/19/2020,21.50,21.50,21.50,21.50,0
HKP,6/19/2020,4.80,4.80,4.80,4.80,0
HKT,6/19/2020,7.20,7.30,7.20,7.20,17000
HLA,6/19/2020,0.30,0.30,0.20,0.30,102000
HLB,6/19/2020,100.50,100.50,100.50,100.50,0
HLC,6/19/2020,8.00,8.00,8.00,8.00,0
HLD,6/19/2020,20.10,20.10,20.00,20.00,15100
HLE,6/19/2020,4.50,4.50,4.50,4.50,0
HLG,6/19/2020,6.20,6.20,6.20,6.20,11900
HLR,6/19/2020,6.00,6.00,6.00,6.00,0
HLS,6/19/2020,15.10,15.10,15.10,15.10,0
HLT,6/19/2020,18.30,18.30,18.30,18.30,0
HLY,6/19/2020,48.00,48.00,48.00,48.00,0
HMC,6/19/2020,12.85,13.35,12.55,12.55,4520
HMG,6/19/2020,23.50,23.50,23.50,23.50,0
HMH,6/19/2020,10.00,10.00,10.00,10.00,0
HMS,6/19/2020,21.00,21.00,21.00,21.00,1000
HNA,6/19/2020,10.30,11.20,10.30,11.20,400
HNB,6/19/2020,11.50,11.50,11.50,11.50,0
HND,6/19/2020,18.20,18.50,18.10,18.40,135600
HNE,6/19/2020,8.40,8.40,8.40,8.40,200
HNF,6/19/2020,24.80,24.80,24.80,24.80,0
HNG,6/19/2020,15.20,15.60,15.20,15.45,411280
HNI,6/19/2020,37.40,37.40,37.40,37.40,0
HNM,6/19/2020,2.70,5.00,2.70,4.60,19200
HNP,6/19/2020,19.70,19.70,19.70,19.70,0
HNR,6/19/2020,12.00,12.00,12.00,12.00,0
HNT,6/19/2020,2.50,2.50,2.50,2.50,0
HNX30,6/19/2020,220.07,225.51,219.96,225.30,23917200
HNXINDEX,6/19/2020,112.74,115.39,112.74,115.36,48015800
HOM,6/19/2020,3.20,3.20,3.10,3.10,29500
HOT,6/19/2020,41.20,44.10,41.20,44.10,1350
HPB,6/19/2020,18.40,18.40,18.40,18.40,0
HPD,6/19/2020,15.80,15.80,15.80,15.80,0
HPG,6/19/2020,27.00,27.35,27.00,27.35,10532760
HPH,6/19/2020,5.00,5.00,5.00,5.00,0
HPI,6/19/2020,14.80,14.80,14.20,14.20,2600
HPM,6/19/2020,12.90,12.90,12.90,12.90,0
HPP,6/19/2020,36.90,36.90,35.10,35.10,300
HPT,6/19/2020,8.70,8.70,8.70,8.70,0
HPU,6/19/2020,5.30,5.30,5.30,5.30,0
HPW,6/19/2020,12.50,12.50,12.50,12.50,0
HPX,6/19/2020,26.70,26.75,26.55,26.70,432700
HQC,6/19/2020,1.93,2.20,1.93,2.19,56792480
HRB,6/19/2020,30.10,30.10,30.10,30.10,0
HRC,6/19/2020,39.35,39.35,39.35,39.35,2500
HRT,6/19/2020,2.30,2.30,2.30,2.30,0
HSA,6/19/2020,32.50,32.50,32.50,32.50,0
HSG,6/19/2020,11.50,11.95,11.35,11.90,10618110
HSI,6/19/2020,1.20,1.20,1.20,1.20,0
HSL,6/19/2020,5.12,5.29,5.12,5.25,48690
HSM,6/19/2020,9.00,9.00,9.00,9.00,0
HSP,6/19/2020,12.80,12.80,12.80,12.80,0
HT1,6/19/2020,13.50,13.90,13.50,13.70,190330
HTC,6/19/2020,23.90,23.90,23.90,23.90,0
HTE,6/19/2020,5.00,5.00,5.00,5.00,200
HTG,6/19/2020,20.20,20.20,20.20,20.20,0
HTI,6/19/2020,12.80,12.80,12.65,12.65,10640
HTK,6/19/2020,11.00,11.00,11.00,11.00,0
HTL,6/19/2020,13.10,13.80,13.10,13.80,1190
HTM,6/19/2020,12.10,12.60,12.10,12.30,9900
HTN,6/19/2020,18.20,18.45,18.05,18.45,38630
HTP,6/19/2020,9.90,9.90,9.90,9.90,0
HTR,6/19/2020,10.00,10.00,10.00,10.00,0
HTU,6/19/2020,9.00,9.00,9.00,9.00,0
HTV,6/19/2020,12.90,12.90,12.60,12.60,210
HTW,6/19/2020,10.00,10.00,10.00,10.00,0
HU1,6/19/2020,5.98,5.98,5.98,5.98,10
HU3,6/19/2020,7.40,7.50,7.40,7.50,1250
HU4,6/19/2020,5.70,6.00,5.70,6.00,2900
HU6,6/19/2020,4.70,4.70,4.70,4.70,100
HUB,6/19/2020,18.70,18.70,17.50,18.00,14840
HUG,6/19/2020,42.50,43.10,42.50,43.10,200
HUT,6/19/2020,2.70,2.80,2.60,2.70,4100000
HVA,6/19/2020,1.40,1.60,1.40,1.60,140100
HVG,6/19/2020,5.40,5.40,5.40,5.40,0
HVH,6/19/2020,9.49,10.05,9.49,10.00,263570
HVN,6/19/2020,27.50,27.60,27.20,27.35,637820
HVT,6/19/2020,36.07,36.07,36.07,36.07,0
HVX,6/19/2020,3.17,3.40,3.17,3.40,5200
HWS,6/19/2020,13.40,13.40,13.40,13.40,0
I10,6/19/2020,0.80,0.80,0.80,0.80,0
IBC,6/19/2020,23.35,23.50,23.35,23.50,152100
IBD,6/19/2020,11.00,11.00,11.00,11.00,0
ICC,6/19/2020,36.90,36.90,36.90,36.90,0
ICF,6/19/2020,1.10,1.10,1.10,1.10,30700
ICG,6/19/2020,5.90,6.20,5.90,6.20,3000
ICI,6/19/2020,8.00,8.00,8.00,8.00,0
ICN,6/19/2020,72.00,72.00,72.00,72.00,100
ICT,6/19/2020,17.60,18.50,17.45,18.50,393260
IDC,6/19/2020,18.50,18.50,18.50,18.50,4000
IDI,6/19/2020,4.35,4.54,4.34,4.52,2268690
IDJ,6/19/2020,12.50,12.80,12.40,12.70,130900
IDV,6/19/2020,37.50,37.50,37.50,37.50,5700
IFC,6/19/2020,10.80,10.80,10.80,10.80,0
IFS,6/19/2020,17.00,17.00,17.00,17.00,0
IHK,6/19/2020,15.50,15.50,15.50,15.50,0
IJC,6/19/2020,12.00,12.25,12.00,12.20,164100
IKH,6/19/2020,7.90,7.90,7.90,7.90,0
ILA,6/19/2020,2.60,2.70,2.60,2.70,1200
ILB,6/19/2020,17.45,17.45,17.05,17.25,30190
ILC,6/19/2020,3.20,3.20,3.20,3.20,500
ILS,6/19/2020,11.40,11.40,11.40,11.40,100
IME,6/19/2020,10.20,10.20,10.20,10.20,0
IMP,6/19/2020,56.00,56.00,55.20,55.50,22250
IN4,6/19/2020,68.10,68.10,68.10,68.10,0
INC,6/19/2020,8.90,8.90,8.20,8.20,19000
INN,6/19/2020,24.90,26.00,24.90,25.30,18300
IPA,6/19/2020,19.50,19.50,19.50,19.50,0
IPH,6/19/2020,69.00,69.00,69.00,69.00,0
IRC,6/19/2020,9.70,9.70,9.70,9.70,0
ISG,6/19/2020,2.30,2.30,2.30,2.30,0
ISH,6/19/2020,14.00,14.00,14.00,14.00,0
IST,6/19/2020,19.90,19.90,19.90,19.90,0
ITA,6/19/2020,4.62,5.30,4.62,5.30,38838952
ITC,6/19/2020,13.40,13.40,12.60,12.60,110
ITD,6/19/2020,9.49,9.49,9.10,9.46,58030
ITQ,6/19/2020,2.50,2.50,2.40,2.40,6700
ITS,6/19/2020,3.00,3.60,3.00,3.50,47800
IVS,6/19/2020,6.90,6.90,6.80,6.90,8000
JOS,6/19/2020,2.20,2.20,2.20,2.20,0
JVC,6/19/2020,4.00,4.40,4.00,4.40,1710290
KAC,6/19/2020,14.70,14.70,14.70,14.70,0
KBC,6/19/2020,14.95,15.10,14.80,15.00,2879690
KBE,6/19/2020,18.90,18.90,18.90,18.90,0
KCB,6/19/2020,1.80,1.80,1.80,1.80,0
KCE,6/19/2020,12.40,12.40,12.40,12.40,100
KDC,6/19/2020,29.70,30.20,29.70,30.10,290430
KDF,6/19/2020,30.90,31.60,30.30,30.90,47100
KDH,6/19/2020,23.45,24.40,23.45,24.30,876080
KDM,6/19/2020,2.00,2.00,2.00,2.00,0
KGM,6/19/2020,5.40,5.40,5.40,5.40,0
KHA,6/19/2020,44.00,44.00,44.00,44.00,0
KHB,6/19/2020,0.50,0.50,0.40,0.50,16600
KHD,6/19/2020,8.90,8.90,8.90,8.90,0
KHL,6/19/2020,0.20,0.30,0.20,0.30,169200
KHP,6/19/2020,8.00,8.29,8.00,8.20,1990
KHS,6/19/2020,13.70,13.70,13.70,13.70,100
KHW,6/19/2020,19.00,19.00,19.00,19.00,0
KIP,6/19/2020,24.60,24.60,24.60,24.60,0
KKC,6/19/2020,5.20,5.20,5.20,5.20,0
KLB,6/19/2020,9.30,9.30,9.30,9.30,1000
KLF,6/19/2020,2.20,2.20,2.10,2.10,2482800
KLM,6/19/2020,9.60,9.60,9.60,9.60,200
KMR,6/19/2020,2.46,2.46,2.40,2.45,224150
KMT,6/19/2020,7.50,7.50,7.50,7.50,0
KOS,6/19/2020,32.40,33.00,32.40,32.70,426510
KPF,6/19/2020,16.50,16.50,14.90,16.45,130
KSB,6/19/2020,24.10,25.10,24.05,24.90,1133480
KSD,6/19/2020,5.60,5.70,5.60,5.60,3300
KSE,6/19/2020,30.90,30.90,30.90,30.90,0
KSH,6/19/2020,0.40,0.50,0.40,0.40,3049100
KSK,6/19/2020,0.20,0.30,0.20,0.30,511600
KSQ,6/19/2020,1.70,1.90,1.70,1.70,134700
KST,6/19/2020,17.70,17.70,17.70,17.70,0
KSV,6/19/2020,13.00,13.00,13.00,13.00,0
KTB,6/19/2020,1.90,1.90,1.90,1.90,0
KTC,6/19/2020,26.10,26.10,26.10,26.10,0
KTL,6/19/2020,22.90,22.90,22.90,22.90,0
KTS,6/19/2020,9.20,9.20,9.20,9.20,0
KTT,6/19/2020,4.10,4.10,4.10,4.10,0
KTU,6/19/2020,7.90,7.90,7.90,7.90,0
KVC,6/19/2020,1.00,1.10,1.00,1.10,331500
L10,6/19/2020,16.50,16.50,14.90,14.90,20
L12,6/19/2020,3.70,3.70,3.70,3.70,0
L14,6/19/2020,69.10,70.70,68.50,70.40,27400
L18,6/19/2020,6.60,6.60,6.60,6.60,1000
L35,6/19/2020,8.20,8.20,8.20,8.20,0
L43,6/19/2020,2.70,2.70,2.70,2.70,0
L44,6/19/2020,1.30,1.30,1.30,1.30,0
L45,6/19/2020,1.80,1.80,1.80,1.80,0
L61,6/19/2020,12.90,12.90,12.90,12.90,0
L62,6/19/2020,7.00,7.00,7.00,7.00,0
L63,6/19/2020,7.50,7.50,7.50,7.50,0
LAF,6/19/2020,8.00,8.00,8.00,8.00,2250
LAI,6/19/2020,12.70,12.70,12.70,12.70,0
LAS,6/19/2020,6.50,6.70,6.50,6.70,94500
LAW,6/19/2020,15.40,15.40,15.40,15.40,0
LBC,6/19/2020,12.00,12.00,12.00,12.00,0
LBE,6/19/2020,37.70,37.70,37.70,37.70,0
LBM,6/19/2020,28.00,29.90,28.00,28.70,5660
LCC,6/19/2020,3.10,3.10,3.10,3.10,0
LCD,6/19/2020,6.80,6.80,6.80,6.80,0
LCG,6/19/2020,7.20,7.70,7.20,7.70,754820
LCM,6/19/2020,0.73,0.76,0.72,0.75,31040
LCS,6/19/2020,2.00,2.00,2.00,2.00,600
LCW,6/19/2020,10.00,10.00,10.00,10.00,0
LDG,6/19/2020,7.09,7.09,7.09,7.09,1316220
LDP,6/19/2020,20.90,20.90,20.00,20.00,200
LDW,6/19/2020,13.50,13.50,13.50,13.50,0
LEC,6/19/2020,16.00,17.05,15.10,15.10,2860
LG9,6/19/2020,7.00,7.00,7.00,7.00,0
LGC,6/19/2020,40.00,40.00,40.00,40.00,10
LGL,6/19/2020,5.79,5.94,5.78,5.94,560230
LGM,6/19/2020,14.00,14.00,14.00,14.00,0
LHC,6/19/2020,62.90,69.40,62.90,69.40,3400
LHG,6/19/2020,18.80,18.80,18.45,18.70,298850
LIC,6/19/2020,8.40,8.40,8.40,8.40,0
LIG,6/19/2020,3.10,3.30,3.10,3.30,80500
LIX,6/19/2020,59.80,60.00,58.90,59.00,163270
LKW,6/19/2020,22.50,22.50,22.50,22.50,0
LLM,6/19/2020,16.60,16.60,16.60,16.60,0
LM3,6/19/2020,0.70,0.70,0.70,0.70,0
LM7,6/19/2020,3.30,3.30,3.30,3.30,0
LM8,6/19/2020,14.40,15.20,14.40,15.00,690
LMC,6/19/2020,13.90,13.90,13.90,13.90,20400
LMI,6/19/2020,10.00,10.00,10.00,10.00,34300
LNC,6/19/2020,10.00,10.00,10.00,10.00,0
LO5,6/19/2020,2.00,2.00,2.00,2.00,21300
LPB,6/19/2020,8.70,9.00,8.70,8.90,4115200
LQN,6/19/2020,9.00,9.00,9.00,9.00,0
LSS,6/19/2020,5.19,5.19,5.00,5.14,37700
LTC,6/19/2020,2.80,2.80,2.80,2.80,0
LTG,6/19/2020,20.50,21.40,20.50,21.10,138300
LUT,6/19/2020,1.80,2.00,1.80,2.00,8200
LWS,6/19/2020,10.80,10.80,10.80,10.80,0
M10,6/19/2020,18.20,18.30,18.20,18.20,5700
MAC,6/19/2020,4.60,4.60,4.60,4.60,0
MAS,6/19/2020,36.40,36.40,36.40,36.40,1800
MBB,6/19/2020,17.40,17.50,17.30,17.50,3111870
MBG,6/19/2020,5.20,5.30,5.10,5.20,801300
MBN,6/19/2020,9.40,9.40,9.40,9.40,0
MBS,6/19/2020,9.80,10.00,9.70,9.90,112800
MC3,6/19/2020,7.00,7.00,7.00,7.00,0
MCC,6/19/2020,13.30,13.40,12.20,12.20,1300
MCF,6/19/2020,9.00,9.00,9.00,9.00,0
MCG,6/19/2020,1.86,1.98,1.74,1.74,16680
MCH,6/19/2020,68.50,69.70,68.50,69.00,27200
MCI,6/19/2020,5.60,5.60,5.60,5.60,0
MCO,6/19/2020,2.10,2.50,2.10,2.50,600
MCP,6/19/2020,13.10,13.10,13.10,13.10,0
MCT,6/19/2020,10.00,10.00,10.00,10.00,0
MDA,6/19/2020,9.00,9.00,9.00,9.00,0
MDC,6/19/2020,7.30,7.30,7.30,7.30,0
MDF,6/19/2020,7.00,7.00,7.00,7.00,0
MDG,6/19/2020,11.60,11.60,11.60,11.60,100
MDN,6/19/2020,13.00,13.00,13.00,13.00,4400
MDT,6/19/2020,7.50,7.50,7.50,7.50,0
MEC,6/19/2020,1.10,1.10,1.00,1.10,71600
MED,6/19/2020,38.10,41.50,38.10,39.00,7100
MEF,6/19/2020,1.60,1.60,1.60,1.60,0
MEG,6/19/2020,29.00,29.00,29.00,29.00,0
MEL,6/19/2020,8.80,8.80,8.80,8.80,0
MES,6/19/2020,10.00,10.00,10.00,10.00,0
MFS,6/19/2020,25.60,26.20,25.60,26.00,8900
MGC,6/19/2020,5.60,5.60,5.60,5.60,0
MGG,6/19/2020,59.00,59.00,59.00,59.00,0
MH3,6/19/2020,41.00,41.20,41.00,41.20,1200
MHC,6/19/2020,4.30,4.60,4.30,4.60,351430
MHL,6/19/2020,4.60,4.60,4.60,4.60,0
MHY,6/19/2020,18.80,18.80,18.80,18.80,0
MIC,6/19/2020,6.00,6.00,6.00,6.00,0
MIE,6/19/2020,10.10,10.10,10.10,10.10,0
MIG,6/19/2020,9.70,10.00,9.60,10.00,12000
MIM,6/19/2020,12.30,12.30,12.30,12.30,0
MKP,6/19/2020,50.50,50.50,50.50,50.50,100
MKV,6/19/2020,10.00,10.00,10.00,10.00,0
MLC,6/19/2020,7.30,7.30,7.30,7.30,0
MLS,6/19/2020,22.50,24.00,22.10,23.90,16800
MML,6/19/2020,49.50,50.00,48.40,48.50,37300
MNB,6/19/2020,31.50,31.50,31.50,31.50,0
MND,6/19/2020,9.00,9.00,9.00,9.00,0
MPC,6/19/2020,26.10,27.80,26.10,27.40,111900
MPT,6/19/2020,1.60,1.60,1.50,1.60,135200
MPY,6/19/2020,8.30,8.30,8.30,8.30,0
MQB,6/19/2020,9.90,9.90,9.90,9.90,0
MQN,6/19/2020,43.00,43.00,43.00,43.00,200
MRF,6/19/2020,21.50,21.50,21.50,21.50,0
MSC,6/19/2020,15.00,15.00,15.00,15.00,0
MSH,6/19/2020,36.00,36.50,35.70,36.00,120630
MSN,6/19/2020,57.60,57.70,57.00,57.00,2419830
MSR,6/19/2020,15.80,16.20,15.70,16.20,48800
MST,6/19/2020,3.40,3.60,3.40,3.60,1232300
MTA,6/19/2020,3.70,3.80,3.70,3.80,17400
MTC,6/19/2020,9.50,9.50,9.50,9.50,0
MTG,6/19/2020,2.60,2.60,2.60,2.60,0
MTH,6/19/2020,8.10,8.10,8.10,8.10,0
MTL,6/19/2020,11.00,11.00,11.00,11.00,0
MTM,6/19/2020,2.60,2.60,2.60,2.60,0
MTP,6/19/2020,11.50,11.50,11.50,11.50,0
MTS,6/19/2020,14.40,14.40,14.40,14.40,0
MTV,6/19/2020,14.50,14.50,14.50,14.50,0
MVB,6/19/2020,10.40,10.40,10.40,10.40,200
MVC,6/19/2020,9.10,9.10,9.10,9.10,0
MVN,6/19/2020,11.10,11.10,11.10,11.10,0
MVY,6/19/2020,3.50,3.50,3.50,3.50,0
MWG,6/19/2020,84.00,85.50,83.70,84.50,859830
NAC,6/19/2020,2.60,2.60,2.60,2.60,0
NAF,6/19/2020,24.00,24.00,23.80,24.00,25030
NAG,6/19/2020,5.00,5.10,5.00,5.00,26300
NAP,6/19/2020,13.00,13.00,13.00,13.00,0
NAS,6/19/2020,27.30,27.30,27.30,27.30,0
NAU,6/19/2020,9.80,9.80,9.80,9.80,0
NAV,6/19/2020,20.50,22.80,20.50,22.80,5330
NAW,6/19/2020,7.90,7.90,7.90,7.90,0
NBB,6/19/2020,18.55,18.75,18.40,18.75,1580
NBC,6/19/2020,5.60,5.60,5.60,5.60,31100
NBE,6/19/2020,6.80,6.80,6.80,6.80,1000
NBP,6/19/2020,11.20,11.20,11.20,11.20,500
NBR,6/19/2020,11.00,11.00,11.00,11.00,0
NBT,6/19/2020,8.10,8.10,8.10,8.10,0
NBW,6/19/2020,22.30,22.30,22.30,22.30,0
NCP,6/19/2020,10.00,10.00,10.00,10.00,0
NCS,6/19/2020,19.10,22.00,19.10,20.90,11400
NCT,6/19/2020,62.40,64.80,62.40,64.80,25500
ND2,6/19/2020,24.50,24.50,24.50,24.50,0
NDC,6/19/2020,39.20,39.20,39.20,39.20,0
NDF,6/19/2020,0.40,0.50,0.30,0.30,11500
NDN,6/19/2020,17.50,17.80,17.40,17.70,224800
NDP,6/19/2020,25.00,25.00,25.00,25.00,0
NDT,6/19/2020,4.20,4.20,4.20,4.20,100
NDW,6/19/2020,10.00,10.00,10.00,10.00,0
NDX,6/19/2020,13.20,13.20,13.20,13.20,2900
NED,6/19/2020,10.10,10.10,10.10,10.10,0
NET,6/19/2020,49.50,51.00,49.00,49.50,8600
NFC,6/19/2020,5.70,5.70,5.70,5.70,0
NGC,6/19/2020,2.00,2.00,2.00,2.00,100
NHA,6/19/2020,10.60,10.70,10.60,10.60,5700
NHC,6/19/2020,30.00,30.00,28.50,28.50,1800
NHH,6/19/2020,45.00,48.15,44.60,46.75,222370
NHP,6/19/2020,0.90,0.90,0.80,0.80,193500
NHT,6/19/2020,28.50,28.50,27.50,27.70,35800
NHV,6/19/2020,12.00,12.00,12.00,12.00,0
NKG,6/19/2020,8.07,8.07,7.90,7.99,1233770
NLG,6/19/2020,24.70,25.50,24.60,25.40,2309140
NLS,6/19/2020,11.20,11.20,11.20,11.20,0
NMK,6/19/2020,7.10,7.10,7.10,7.10,0
NNB,6/19/2020,9.90,9.90,9.90,9.90,0
NNC,6/19/2020,48.95,49.00,47.30,47.30,6090
NNG,6/19/2020,10.30,10.30,10.30,10.30,100
NNQ,6/19/2020,7.30,7.30,7.30,7.30,0
NNT,6/19/2020,12.50,12.50,12.50,12.50,0
NOS,6/19/2020,0.40,0.40,0.40,0.40,100
NQN,6/19/2020,12.00,12.00,12.00,12.00,0
NQT,6/19/2020,9.00,9.00,9.00,9.00,0
NRC,6/19/2020,11.50,11.90,10.90,11.70,99100
NS2,6/19/2020,12.40,12.40,12.40,12.40,0
NS3,6/19/2020,16.10,16.10,16.10,16.10,2000
NSC,6/19/2020,60.90,62.70,60.90,62.70,1750
NSG,6/19/2020,12.60,12.60,12.60,12.60,0
NSH,6/19/2020,1.60,1.60,1.60,1.60,3400
NSL,6/19/2020,8.30,8.30,8.30,8.30,0
NSS,6/19/2020,13.30,13.30,13.30,13.30,0
NST,6/19/2020,16.80,16.80,16.80,16.80,0
NT2,6/19/2020,21.35,21.35,21.05,21.25,435120
NTB,6/19/2020,0.20,0.30,0.20,0.30,11700
NTC,6/19/2020,191.00,191.90,190.00,191.40,4400
NTF,6/19/2020,30.00,30.00,30.00,30.00,0
NTH,6/19/2020,28.40,28.40,27.00,27.30,3400
NTL,6/19/2020,15.90,16.50,15.90,16.25,308700
NTP,6/19/2020,38.00,39.30,38.00,39.30,65200
NTR,6/19/2020,4.80,4.80,4.80,4.80,0
NTT,6/19/2020,6.80,6.80,6.80,6.80,0
NTW,6/19/2020,26.00,26.00,26.00,26.00,400
NUE,6/19/2020,8.70,8.70,8.70,8.70,600
NVB,6/19/2020,8.80,8.80,8.60,8.80,3056100
NVL,6/19/2020,59.00,61.50,58.50,59.30,2717840
NVP,6/19/2020,6.30,6.30,6.30,6.30,0
NVT,6/19/2020,5.10,5.29,5.10,5.29,2180
NWT,6/19/2020,5.60,5.60,5.60,5.60,0
OCH,6/19/2020,7.00,7.00,7.00,7.00,0
OGC,6/19/2020,3.53,3.75,3.52,3.74,5206490
OIL,6/19/2020,8.50,8.70,8.50,8.70,909700
ONE,6/19/2020,4.20,4.20,4.00,4.00,8100
ONW,6/19/2020,14.30,14.30,14.30,14.30,0
OPC,6/19/2020,58.00,58.00,58.00,58.00,100
ORS,6/19/2020,6.90,7.60,6.90,7.60,9000
PAC,6/19/2020,21.51,22.19,21.51,21.80,17840
PAI,6/19/2020,9.50,9.50,9.50,9.50,0
PAN,6/19/2020,21.50,21.50,20.90,21.30,17660
PBC,6/19/2020,19.50,19.50,19.50,19.50,0
PBK,6/19/2020,10.00,10.00,10.00,10.00,0
PBP,6/19/2020,7.70,7.70,7.70,7.70,0
PBT,6/19/2020,10.00,10.00,10.00,10.00,0
PC1,6/19/2020,17.00,17.20,16.95,17.15,153850
PCC,6/19/2020,16.80,16.80,16.80,16.80,0
PCE,6/19/2020,15.80,15.80,15.80,15.80,0
PCF,6/19/2020,3.70,3.70,3.70,3.70,0
PCG,6/19/2020,5.70,5.70,5.70,5.70,0
PCM,6/19/2020,8.60,8.60,8.60,8.60,0
PCN,6/19/2020,1.80,1.80,1.40,1.40,400
PCT,6/19/2020,5.30,5.30,5.30,5.30,0
PDB,6/19/2020,7.80,7.90,7.40,7.80,4600
PDC,6/19/2020,7.10,7.10,7.10,7.10,0
PDN,6/19/2020,75.00,75.00,69.80,73.50,3380
PDR,6/19/2020,23.80,23.80,23.20,23.20,901950
PDT,6/19/2020,10.30,10.30,10.30,10.30,0
PDV,6/19/2020,3.00,3.00,3.00,3.00,400
PEC,6/19/2020,9.20,9.20,9.20,9.20,0
PEG,6/19/2020,6.00,6.00,6.00,6.00,0
PEN,6/19/2020,5.00,5.00,5.00,5.00,0
PEQ,6/19/2020,30.00,30.00,30.00,30.00,0
PET,6/19/2020,8.20,8.30,8.16,8.29,124020
PFL,6/19/2020,0.80,0.90,0.80,0.80,45500
PGC,6/19/2020,13.65,13.90,13.40,13.90,45470
PGD,6/19/2020,28.80,28.90,28.50,28.90,980
PGI,6/19/2020,16.80,17.00,16.10,17.00,4180
PGN,6/19/2020,10.80,11.10,10.60,11.10,110200
PGS,6/19/2020,14.70,14.80,14.70,14.80,16100
PGT,6/19/2020,4.60,4.60,4.60,4.60,0
PGV,6/19/2020,10.10,10.10,10.10,10.10,1000
PHC,6/19/2020,10.75,11.00,10.60,10.95,292020
PHH,6/19/2020,10.30,10.30,10.30,10.30,0
PHN,6/19/2020,25.50,25.50,25.50,25.50,0
PHP,6/19/2020,9.60,9.60,9.50,9.60,2200
PHR,6/19/2020,51.80,52.30,51.70,52.30,865480
PHS,6/19/2020,9.50,9.50,9.50,9.50,100
PIA,6/19/2020,26.30,26.40,26.30,26.40,1700
PIC,6/19/2020,8.10,8.50,8.10,8.50,2800
PID,6/19/2020,6.30,6.30,6.30,6.30,0
PIS,6/19/2020,6.30,6.30,6.30,6.30,0
PIT,6/19/2020,4.10,4.20,4.10,4.15,300
PIV,6/19/2020,0.40,0.50,0.40,0.50,511400
PJC,6/19/2020,26.90,26.90,26.90,26.90,100
PJS,6/19/2020,8.20,8.20,8.20,8.20,0
PJT,6/19/2020,10.80,10.80,10.70,10.70,1430
PKR,6/19/2020,1.80,1.80,1.80,1.80,0
PLA,6/19/2020,5.00,5.00,5.00,5.00,0
PLC,6/19/2020,15.10,15.30,15.00,15.20,113400
PLO,6/19/2020,3.00,3.00,3.00,3.00,0
PLP,6/19/2020,10.40,11.85,10.40,11.85,975230
PLX,6/19/2020,47.20,47.20,45.90,46.00,1795970
PMB,6/19/2020,9.40,9.40,9.40,9.40,0
PMC,6/19/2020,52.80,53.70,52.80,53.70,200
PME,6/19/2020,64.20,64.70,64.20,64.70,780
PMG,6/19/2020,12.20,12.20,12.15,12.15,1040
PMJ,6/19/2020,15.00,15.00,15.00,15.00,200
PMP,6/19/2020,8.20,8.20,8.20,8.20,0
PMS,6/19/2020,11.80,13.90,11.80,13.90,300
PMT,6/19/2020,7.80,7.80,7.80,7.80,0
PMW,6/19/2020,25.80,25.80,25.80,25.80,0
PNC,6/19/2020,9.34,9.34,9.34,9.34,0
PND,6/19/2020,8.00,8.00,8.00,8.00,0
PNG,6/19/2020,11.00,11.00,11.00,11.00,0
PNJ,6/19/2020,58.10,59.20,58.10,59.10,403300
PNP,6/19/2020,13.00,13.00,13.00,13.00,0
PNT,6/19/2020,7.40,7.40,7.40,7.40,0
POB,6/19/2020,6.60,6.60,6.60,6.60,0
POM,6/19/2020,6.38,6.39,6.14,6.35,2410
POS,6/19/2020,8.40,8.40,8.40,8.40,0
POT,6/19/2020,13.80,14.30,13.80,14.30,3900
POV,6/19/2020,5.80,5.80,5.80,5.80,0
POW,6/19/2020,10.45,10.55,10.40,10.40,5510450
PPC,6/19/2020,24.30,24.50,24.10,24.40,68820
PPE,6/19/2020,6.00,6.00,6.00,6.00,0
PPH,6/19/2020,16.20,16.40,16.20,16.40,5600
PPI,6/19/2020,0.80,0.80,0.70,0.80,1794400
PPP,6/19/2020,14.70,17.20,14.40,17.00,5500
PPS,6/19/2020,7.10,7.20,7.10,7.20,800
PPY,6/19/2020,26.40,26.40,26.40,26.40,0
PQN,6/19/2020,4.00,4.00,4.00,4.00,0
PRC,6/19/2020,9.50,9.50,9.50,9.50,0
PRO,6/19/2020,6.00,6.00,6.00,6.00,0
PRT,6/19/2020,13.30,13.30,13.30,13.30,0
PSB,6/19/2020,5.50,5.50,5.50,5.50,10200
PSC,6/19/2020,16.80,16.80,16.80,16.80,0
PSD,6/19/2020,9.20,9.20,9.20,9.20,0
PSE,6/19/2020,7.20,7.20,7.20,7.20,0
PSG,6/19/2020,0.40,0.40,0.30,0.40,833000
PSI,6/19/2020,2.40,2.40,2.40,2.40,1000
PSL,6/19/2020,24.50,24.50,24.00,24.00,600
PSN,6/19/2020,8.80,8.80,8.80,8.80,0
PSP,6/19/2020,5.30,5.30,5.20,5.20,14300
PSW,6/19/2020,7.30,7.30,7.30,7.30,0
PTB,6/19/2020,52.00,53.00,51.50,52.00,148830
PTC,6/19/2020,9.00,9.15,9.00,9.15,15060
PTD,6/19/2020,16.20,16.20,16.20,16.20,0
PTE,6/19/2020,2.30,2.30,2.30,2.30,5000
PTG,6/19/2020,2.10,2.10,2.10,2.10,0
PTH,6/19/2020,10.00,10.00,10.00,10.00,0
PTI,6/19/2020,17.70,19.00,17.70,19.00,8200
PTK,6/19/2020,1.70,1.70,1.70,1.70,0
PTL,6/19/2020,3.45,3.45,3.40,3.44,5040
PTO,6/19/2020,1.80,1.80,1.80,1.80,0
PTP,6/19/2020,11.50,11.50,11.50,11.50,0
PTS,6/19/2020,5.30,5.30,5.30,5.30,4700
PTT,6/19/2020,4.10,4.10,4.10,4.10,700
PTV,6/19/2020,5.00,5.00,5.00,5.00,100
PTX,6/19/2020,1.90,1.90,1.90,1.90,0
PV2,6/19/2020,2.50,2.50,2.40,2.40,200
PVA,6/19/2020,0.30,0.40,0.30,0.40,514500
PVB,6/19/2020,14.40,15.60,14.40,15.60,90600
PVC,6/19/2020,5.90,6.00,5.90,6.00,117900
PVD,6/19/2020,10.65,10.70,10.50,10.70,3099330
PVE,6/19/2020,2.60,2.60,2.00,2.00,148900
PVG,6/19/2020,7.00,7.00,7.00,7.00,3400
PVH,6/19/2020,0.60,0.60,0.60,0.60,0
PVI,6/19/2020,31.50,31.50,30.50,31.00,43300
PVL,6/19/2020,1.40,1.50,1.40,1.50,7600
PVM,6/19/2020,10.00,10.00,10.00,10.00,2600
PVO,6/19/2020,2.90,2.90,2.90,2.90,2000
PVP,6/19/2020,6.20,6.20,6.00,6.20,48400
PVR,6/19/2020,1.50,1.50,1.30,1.50,300
PVS,6/19/2020,12.30,12.70,12.30,12.70,3697000
PVT,6/19/2020,10.75,10.80,10.65,10.75,647630
PVV,6/19/2020,0.80,0.80,0.70,0.80,492000
PVX,6/19/2020,1.10,1.40,1.00,1.40,13478400
PVY,6/19/2020,2.20,2.20,2.20,2.20,1000
PWA,6/19/2020,8.90,9.80,8.90,9.60,97000
PWS,6/19/2020,25.50,25.50,25.50,25.50,0
PX1,6/19/2020,10.00,10.00,10.00,10.00,0
PXA,6/19/2020,1.90,1.90,1.90,1.90,100
PXC,6/19/2020,0.40,0.40,0.40,0.40,0
PXI,6/19/2020,2.58,2.76,2.57,2.76,7020
PXL,6/19/2020,11.40,11.50,10.70,11.30,1043700
PXM,6/19/2020,0.30,0.30,0.30,0.30,3200
PXS,6/19/2020,4.75,4.75,4.64,4.75,45490
PXT,6/19/2020,1.90,1.90,1.90,1.90,73970
PYU,6/19/2020,10.90,10.90,10.90,10.90,0
QBR,6/19/2020,10.00,10.00,10.00,10.00,0
QBS,6/19/2020,3.30,3.30,3.29,3.30,1414420
QCC,6/19/2020,8.60,8.60,8.60,8.60,100
QCG,6/19/2020,7.80,8.23,7.77,8.23,523790
QHD,6/19/2020,22.90,22.90,22.90,22.90,0
QHW,6/19/2020,12.40,16.20,12.40,16.20,1200
QLD,6/19/2020,5.00,5.00,5.00,5.00,0
QLT,6/19/2020,11.60,11.60,11.60,11.60,0
QNC,6/19/2020,2.80,3.30,2.80,3.30,200
QNS,6/19/2020,27.10,27.30,27.00,27.30,283700
QNT,6/19/2020,11.10,11.10,11.10,11.10,0
QNU,6/19/2020,10.50,10.50,10.50,10.50,0
QNW,6/19/2020,8.80,8.80,8.80,8.80,0
QPH,6/19/2020,20.00,20.00,20.00,20.00,0
QSP,6/19/2020,16.70,16.70,16.70,16.70,2300
QST,6/19/2020,11.60,11.60,11.60,11.60,0
QTC,6/19/2020,16.40,16.40,16.40,16.40,0
QTP,6/19/2020,11.60,11.80,11.50,11.60,135600
RAL,6/19/2020,75.00,75.50,75.00,75.30,7570
RAT,6/19/2020,7.60,7.60,7.60,7.60,0
RBC,6/19/2020,14.60,14.60,14.60,14.60,0
RCC,6/19/2020,22.10,22.10,22.10,22.10,0
RCD,6/19/2020,6.90,6.90,6.60,6.60,7700
RCL,6/19/2020,22.20,22.20,22.20,22.20,100
RDP,6/19/2020,8.20,9.00,8.00,9.00,4000
REE,6/19/2020,30.90,31.45,30.80,31.40,224740
RGC,6/19/2020,3.30,3.30,3.30,3.30,100
RHN,6/19/2020,9.20,9.20,9.20,9.20,0
RIC,6/19/2020,4.56,4.90,4.55,4.55,2850
RLC,6/19/2020,10.00,10.00,10.00,10.00,0
ROS,6/19/2020,3.07,3.12,3.05,3.09,9776670
RTB,6/19/2020,11.70,11.70,11.70,11.70,700
RTH,6/19/2020,6.00,6.00,6.00,6.00,0
RTS,6/19/2020,19.00,19.00,19.00,19.00,0
S12,6/19/2020,0.40,0.40,0.40,0.40,0
S27,6/19/2020,3.90,3.90,3.90,3.90,0
S4A,6/19/2020,27.00,27.00,27.00,27.00,2500
S55,6/19/2020,22.90,23.00,22.90,23.00,5800
S72,6/19/2020,3.20,3.20,3.20,3.20,0
S74,6/19/2020,4.30,4.30,4.30,4.30,0
S96,6/19/2020,0.60,0.60,0.40,0.40,30500
S99,6/19/2020,11.50,12.40,11.20,12.40,771600
SAB,6/19/2020,166.30,169.00,166.30,166.30,26650
SAC,6/19/2020,8.90,9.60,8.00,9.60,8100
SAF,6/19/2020,42.10,42.10,42.10,42.10,0
SAL,6/19/2020,8.60,8.60,8.60,8.60,0
SAM,6/19/2020,9.50,9.59,9.30,9.59,96830
SAP,6/19/2020,5.40,5.40,5.40,5.40,0
SAS,6/19/2020,27.00,27.00,26.50,26.80,12600
SAV,6/19/2020,9.26,9.55,9.25,9.50,8220
SB1,6/19/2020,8.60,8.60,8.60,8.60,0
SBA,6/19/2020,14.00,14.20,14.00,14.20,1620
SBD,6/19/2020,8.50,8.50,8.50,8.50,0
SBH,6/19/2020,28.20,28.20,22.50,22.50,600
SBL,6/19/2020,12.50,12.50,12.50,12.50,1000
SBM,6/19/2020,23.10,23.10,23.10,23.10,0
SBS,6/19/2020,1.30,1.40,1.20,1.40,581800
SBT,6/19/2020,14.95,15.00,14.55,14.55,3971920
SBV,6/19/2020,10.10,10.10,9.98,10.00,21380
SC5,6/19/2020,18.45,18.60,17.95,17.95,940
SCC,6/19/2020,1.50,1.70,1.50,1.70,2000
SCD,6/19/2020,22.50,22.50,22.50,22.50,100
SCI,6/19/2020,13.50,14.00,13.00,14.00,21300
SCJ,6/19/2020,2.10,2.30,2.00,2.10,28100
SCL,6/19/2020,3.30,3.30,3.30,3.30,100
SCO,6/19/2020,3.00,3.00,3.00,3.00,0
SCR,6/19/2020,5.93,6.21,5.90,6.21,3340340
SCS,6/19/2020,123.00,124.00,122.00,122.00,17900
SCY,6/19/2020,13.00,13.00,13.00,13.00,0
SD1,6/19/2020,0.60,0.60,0.60,0.60,0
SD2,6/19/2020,7.50,7.50,7.20,7.20,600
SD3,6/19/2020,2.20,2.20,2.10,2.10,300
SD4,6/19/2020,3.70,3.70,3.70,3.70,0
SD5,6/19/2020,5.00,5.00,5.00,5.00,2400
SD6,6/19/2020,2.60,2.70,2.50,2.50,40300
SD7,6/19/2020,2.80,2.80,2.80,2.80,0
SD8,6/19/2020,0.20,0.20,0.20,0.20,11400
SD9,6/19/2020,5.30,5.30,5.20,5.20,21900
SDA,6/19/2020,3.30,3.30,3.30,3.30,1200
SDB,6/19/2020,3.40,3.40,3.40,3.40,0
SDC,6/19/2020,16.20,16.20,16.20,16.20,0
SDD,6/19/2020,2.30,2.30,2.20,2.20,48400
SDE,6/19/2020,1.20,1.20,1.00,1.00,200
SDG,6/19/2020,28.90,28.90,28.90,28.90,0
SDH,6/19/2020,0.50,0.50,0.50,0.50,32200
SDJ,6/19/2020,9.40,9.40,9.40,9.40,0
SDK,6/19/2020,23.00,23.00,23.00,23.00,0
SDN,6/19/2020,29.30,29.30,29.30,29.30,0
SDP,6/19/2020,1.40,1.40,1.30,1.40,51700
SDT,6/19/2020,3.40,3.60,3.40,3.60,4500
SDU,6/19/2020,6.30,6.30,6.30,6.30,0
SDV,6/19/2020,20.00,20.00,20.00,20.00,0
SDX,6/19/2020,6.80,6.80,6.80,6.80,0
SDY,6/19/2020,4.50,4.50,4.50,4.50,0
SEA,6/19/2020,19.80,19.80,18.80,19.30,78300
SEB,6/19/2020,34.10,34.10,34.10,34.10,0
SED,6/19/2020,14.20,14.20,13.80,13.80,2400
SEP,6/19/2020,15.40,15.40,15.40,15.40,0
SFC,6/19/2020,22.80,22.80,22.80,22.80,300
SFG,6/19/2020,5.65,5.70,5.65,5.70,42320
SFI,6/19/2020,18.10,18.10,18.10,18.10,4560
SFN,6/19/2020,25.20,25.20,25.20,25.20,0
SGC,6/19/2020,58.60,58.60,58.60,58.60,0
SGD,6/19/2020,11.50,11.50,11.50,11.50,0
SGH,6/19/2020,38.00,38.00,38.00,38.00,0
SGN,6/19/2020,71.60,72.50,71.60,72.50,5070
SGO,6/19/2020,0.20,0.30,0.10,0.20,443600
SGP,6/19/2020,6.30,6.40,6.30,6.30,22600
SGR,6/19/2020,15.20,15.90,15.15,15.90,1560
SGS,6/19/2020,13.60,13.60,13.60,13.60,1600
SGT,6/19/2020,5.78,5.90,5.78,5.90,7340
SHA,6/19/2020,4.15,4.27,4.15,4.27,650
SHB,6/19/2020,14.00,14.70,14.00,14.70,1896700
SHC,6/19/2020,6.00,6.00,6.00,6.00,100
SHE,6/19/2020,23.00,24.00,23.00,23.50,18700
SHG,6/19/2020,2.30,2.30,2.30,2.30,0
SHI,6/19/2020,9.39,9.39,8.92,9.15,1657280
SHN,6/19/2020,7.70,7.70,7.00,7.00,30400
SHP,6/19/2020,24.50,24.50,24.40,24.40,1500
SHS,6/19/2020,12.60,13.00,12.60,12.80,1898100
SHX,6/19/2020,20.00,20.00,20.00,20.00,0
SIC,6/19/2020,8.00,8.00,8.00,8.00,0
SID,6/19/2020,10.00,10.00,10.00,10.00,300
SIG,6/19/2020,3.10,3.10,3.10,3.10,500
SII,6/19/2020,16.35,17.00,16.35,17.00,20
SIP,6/19/2020,83.00,84.70,80.50,84.60,51100
SIV,6/19/2020,98.90,98.90,98.90,98.90,0
SJ1,6/19/2020,17.80,19.30,16.00,16.00,400
SJC,6/19/2020,1.10,1.10,1.00,1.00,21800
SJD,6/19/2020,17.50,17.50,17.30,17.30,20040
SJE,6/19/2020,18.60,18.90,18.60,18.60,49200
SJF,6/19/2020,2.84,3.26,2.84,3.11,8766940
SJG,6/19/2020,6.20,6.20,6.20,6.20,100
SJM,6/19/2020,0.90,0.90,0.90,0.90,2200
SJS,6/19/2020,21.50,22.90,21.50,22.75,124530
SKG,6/19/2020,10.35,10.50,10.25,10.45,143050
SKH,6/19/2020,21.00,21.00,20.80,20.80,16900
SKN,6/19/2020,6.20,6.20,6.20,6.20,0
SKV,6/19/2020,23.90,23.90,23.90,23.90,0
SLS,6/19/2020,50.50,52.00,50.00,51.90,2600
SMA,6/19/2020,12.30,13.15,12.30,13.00,3100
SMB,6/19/2020,31.45,31.60,31.45,31.60,1610
SMC,6/19/2020,10.50,10.90,10.30,10.90,28840
SMN,6/19/2020,8.50,8.50,8.50,8.50,500
SMT,6/19/2020,10.30,12.00,10.30,12.00,34400
SNC,6/19/2020,15.00,15.00,15.00,15.00,2000
SNZ,6/19/2020,24.20,24.50,24.20,24.40,11200
SON,6/19/2020,10.10,10.10,10.10,10.10,0
SOV,6/19/2020,39.00,39.00,39.00,39.00,1000
SP2,6/19/2020,9.00,9.00,9.00,9.00,0
SPA,6/19/2020,8.00,8.00,8.00,8.00,0
SPB,6/19/2020,29.50,29.50,29.50,29.50,0
SPC,6/19/2020,24.80,24.80,24.80,24.80,0
SPD,6/19/2020,5.50,5.50,5.50,5.50,0
SPH,6/19/2020,6.60,6.60,6.60,6.60,0
SPI,6/19/2020,1.30,1.40,1.20,1.30,860400
SPP,6/19/2020,0.40,0.50,0.40,0.40,142400
SPV,6/19/2020,9.90,9.90,9.90,9.90,0
SQC,6/19/2020,82.00,82.00,82.00,82.00,0
SRA,6/19/2020,12.10,13.00,12.10,13.00,215000
SRB,6/19/2020,0.90,1.00,0.90,0.90,33200
SRC,6/19/2020,15.70,15.70,15.22,15.65,6160
SRF,6/19/2020,14.70,14.70,14.00,14.30,210
SRT,6/19/2020,3.00,3.00,3.00,3.00,0
SSC,6/19/2020,63.80,63.80,63.80,63.80,10
SSF,6/19/2020,4.00,4.00,4.00,4.00,0
SSG,6/19/2020,1.80,1.80,1.80,1.80,0
SSI,6/19/2020,15.00,15.30,14.90,15.30,4986110
SSM,6/19/2020,7.10,7.10,7.10,7.10,0
SSN,6/19/2020,4.80,5.00,4.80,5.00,33900
SSU,6/19/2020,4.00,4.00,4.00,4.00,0
ST8,6/19/2020,12.30,12.30,12.30,12.30,10
STB,6/19/2020,11.55,11.95,11.40,11.90,15350170
STC,6/19/2020,14.70,14.70,14.70,14.70,100
STG,6/19/2020,14.10,14.10,14.10,14.10,510
STH,6/19/2020,21.50,21.50,21.30,21.40,17900
STK,6/19/2020,16.70,16.90,16.60,16.90,113910
STL,6/19/2020,4.60,4.60,4.60,4.60,100
STP,6/19/2020,6.00,6.00,6.00,6.00,0
STS,6/19/2020,26.50,26.50,26.50,26.50,0
STT,6/19/2020,9.10,9.10,9.10,9.10,0
STU,6/19/2020,8.20,8.20,8.20,8.20,0
STV,6/19/2020,13.80,13.80,13.80,13.80,300
STW,6/19/2020,2.90,2.90,2.90,2.90,0
SUM,6/19/2020,2.60,2.60,2.60,2.60,0
SVC,6/19/2020,70.00,72.00,70.00,72.00,3260
SVG,6/19/2020,10.40,10.40,10.40,10.40,0
SVH,6/19/2020,6.00,6.00,6.00,6.00,0
SVI,6/19/2020,64.00,69.40,64.00,69.40,210
SVL,6/19/2020,18.50,18.50,18.50,18.50,0
SVN,6/19/2020,1.80,1.80,1.70,1.80,31300
SVT,6/19/2020,21.10,21.10,21.10,21.10,110
SWC,6/19/2020,12.80,12.80,12.80,12.80,12700
SZB,6/19/2020,27.00,27.00,27.00,27.00,1000
SZC,6/19/2020,20.50,20.95,20.50,20.70,579010
SZE,6/19/2020,10.00,10.00,9.80,9.80,3100
SZL,6/19/2020,42.20,43.05,42.20,42.60,45320
T12,6/19/2020,20.00,20.00,20.00,20.00,0
TA3,6/19/2020,8.00,8.00,8.00,8.00,0
TA6,6/19/2020,6.10,6.10,6.10,6.10,0
TA9,6/19/2020,8.70,8.70,8.70,8.70,100
TAC,6/19/2020,34.80,35.50,34.10,35.20,15850
TAG,6/19/2020,27.00,27.00,27.00,27.00,0
TAN,6/19/2020,57.50,57.50,57.50,57.50,0
TAP,6/19/2020,10.10,10.10,10.10,10.10,0
TAR,6/19/2020,22.00,22.20,20.90,22.20,1391100
TAW,6/19/2020,28.70,28.70,28.70,28.70,0
TB8,6/19/2020,9.00,9.00,9.00,9.00,0
TBC,6/19/2020,23.60,23.60,23.00,23.00,600
TBD,6/19/2020,72.00,88.90,72.00,78.00,1700
TBT,6/19/2020,6.20,6.20,6.20,6.20,0
TBX,6/19/2020,22.30,22.30,22.30,22.30,0
TC6,6/19/2020,4.10,4.10,4.00,4.00,16700
TCB,6/19/2020,20.20,20.50,20.20,20.50,632650
TCD,6/19/2020,8.52,8.86,8.52,8.76,8610
TCH,6/19/2020,21.10,21.30,20.80,21.15,1640490
TCI,6/19/2020,4.00,4.00,4.00,4.00,0
TCJ,6/19/2020,4.00,4.00,4.00,4.00,0
TCK,6/19/2020,2.80,2.80,2.80,2.80,0
TCL,6/19/2020,26.65,27.30,26.40,27.30,109160
TCM,6/19/2020,20.00,20.40,19.90,20.40,711230
TCO,6/19/2020,9.40,9.40,9.40,9.40,10
TCR,6/19/2020,3.00,3.00,3.00,3.00,10000
TCS,6/19/2020,8.10,8.10,8.10,8.10,100
TCT,6/19/2020,30.70,30.70,30.20,30.65,10830
TCW,6/19/2020,18.60,19.30,18.50,19.30,10000
TDB,6/19/2020,35.10,35.10,35.10,35.10,800
TDC,6/19/2020,8.12,8.28,8.12,8.19,52900
TDF,6/19/2020,13.00,13.00,13.00,13.00,0
TDG,6/19/2020,2.00,2.15,2.00,2.12,512060
TDH,6/19/2020,9.55,9.70,9.53,9.70,1016600
TDM,6/19/2020,24.00,24.20,24.00,24.05,176140
TDN,6/19/2020,5.90,5.90,5.80,5.80,5100
TDP,6/19/2020,17.90,17.90,17.90,17.90,0
TDS,6/19/2020,11.70,11.70,11.40,11.40,1700
TDT,6/19/2020,11.50,11.70,11.20,11.70,62600
TDW,6/19/2020,27.00,27.00,27.00,27.00,0
TEC,6/19/2020,7.00,7.00,7.00,7.00,0
TEG,6/19/2020,4.53,4.99,4.53,4.55,40480
TEL,6/19/2020,7.50,7.50,7.50,7.50,0
TET,6/19/2020,30.20,30.20,30.20,30.20,0
TFC,6/19/2020,4.60,4.60,4.50,4.50,400
TGG,6/19/2020,1.30,1.47,1.30,1.38,1609930
TGP,6/19/2020,8.20,8.20,8.20,8.20,0
TH1,6/19/2020,5.40,5.40,5.40,5.40,0
THB,6/19/2020,9.60,9.80,9.60,9.80,2500
THD,6/19/2020,19.50,19.50,19.50,19.50,102000
THG,6/19/2020,56.50,56.80,56.20,56.80,3880
THI,6/19/2020,26.30,26.30,26.30,26.30,0
THN,6/19/2020,6.00,6.00,6.00,6.00,0
THP,6/19/2020,11.00,11.20,10.80,11.10,4100
THR,6/19/2020,60.20,60.20,60.20,60.20,0
THS,6/19/2020,7.20,7.20,7.20,7.20,0
THT,6/19/2020,6.70,6.80,6.50,6.60,21400
THU,6/19/2020,8.70,8.70,8.70,8.70,0
THW,6/19/2020,21.00,21.00,21.00,21.00,0
TID,6/19/2020,17.30,18.50,17.00,18.50,3600
TIE,6/19/2020,7.20,7.20,7.20,7.20,0
TIG,6/19/2020,7.20,7.50,7.20,7.50,1773300
TIP,6/19/2020,21.00,21.70,21.00,21.35,58010
TIS,6/19/2020,11.60,14.00,10.50,10.50,63700
TIX,6/19/2020,29.20,29.20,29.20,29.20,0
TJC,6/19/2020,7.10,7.50,7.10,7.50,5100
TKA,6/19/2020,12.70,12.70,12.70,12.70,0
TKC,6/19/2020,3.90,3.90,3.80,3.90,3900
TKU,6/19/2020,11.30,11.30,11.30,11.30,100
TL4,6/19/2020,7.60,7.60,7.60,7.60,0
TLD,6/19/2020,6.96,6.97,6.79,6.97,229610
TLG,6/19/2020,32.40,34.50,32.40,33.30,390770
TLH,6/19/2020,3.38,3.49,3.35,3.45,64740
TLI,6/19/2020,8.40,8.40,8.40,8.40,0
TLP,6/19/2020,8.40,8.90,8.40,8.90,25500
TLT,6/19/2020,10.00,10.00,10.00,10.00,9500
TMB,6/19/2020,12.70,12.70,12.70,12.70,0
TMC,6/19/2020,10.70,10.70,10.60,10.60,4400
TMG,6/19/2020,30.45,30.45,30.45,30.45,100
TMP,6/19/2020,35.60,35.60,35.60,35.60,1300
TMS,6/19/2020,25.65,26.00,25.60,26.00,6610
TMT,6/19/2020,5.69,5.99,5.69,5.99,5360
TMW,6/19/2020,14.20,14.20,13.00,13.00,2900
TMX,6/19/2020,14.30,14.30,14.30,14.30,0
TN1,6/19/2020,64.00,64.00,63.20,63.20,700
TNA,6/19/2020,17.30,17.60,17.20,17.60,93330
TNB,6/19/2020,13.90,14.30,13.90,14.20,1400
TNC,6/19/2020,18.40,20.75,18.40,20.75,11880
TND,6/19/2020,7.80,7.90,7.60,7.90,130100
TNG,6/19/2020,13.20,13.60,13.20,13.40,487100
TNI,6/19/2020,5.43,5.79,5.35,5.35,6144170
TNM,6/19/2020,2.50,2.50,2.50,2.50,0
TNP,6/19/2020,9.10,9.10,9.10,9.10,0
TNS,6/19/2020,1.90,1.90,1.90,1.90,0
TNT,6/19/2020,1.90,1.90,1.83,1.88,74580
TNW,6/19/2020,5.50,5.50,5.50,5.50,0
TOP,6/19/2020,0.40,0.40,0.30,0.40,1024500
TOT,6/19/2020,9.80,9.80,9.80,9.80,100
TOW,6/19/2020,13.50,13.50,13.50,13.50,0
TPB,6/19/2020,20.70,21.00,20.45,21.00,82100
TPC,6/19/2020,8.20,8.20,8.20,8.20,0
TPH,6/19/2020,8.00,8.00,8.00,8.00,3600
TPP,6/19/2020,13.30,13.30,13.30,13.30,0
TPS,6/19/2020,35.40,35.40,35.40,35.40,0
TQN,6/19/2020,40.90,40.90,40.90,40.90,0
TQW,6/19/2020,10.00,10.00,10.00,10.00,0
TRA,6/19/2020,57.90,57.90,57.80,57.80,40
TRC,6/19/2020,29.00,30.50,29.00,30.50,43110
TRS,6/19/2020,41.00,41.00,41.00,41.00,100
TRT,6/19/2020,10.00,10.00,10.00,10.00,0
TS3,6/19/2020,10.00,10.00,10.00,10.00,0
TS4,6/19/2020,3.61,3.61,3.50,3.51,9920
TS5,6/19/2020,10.00,10.00,10.00,10.00,0
TSB,6/19/2020,7.00,7.00,7.00,7.00,0
TSC,6/19/2020,2.94,3.16,2.92,3.13,2089680
TSD,6/19/2020,5.50,5.50,5.50,5.50,2500
TSG,6/19/2020,6.20,6.20,6.20,6.20,0
TSJ,6/19/2020,27.00,27.00,27.00,27.00,0
TST,6/19/2020,8.10,8.10,8.10,8.10,0
TTB,6/19/2020,5.54,5.76,5.39,5.76,1592370
TTC,6/19/2020,10.90,10.90,10.90,10.90,100
TTD,6/19/2020,47.10,47.10,47.10,47.10,100
TTE,6/19/2020,13.85,13.85,13.85,13.85,0
TTF,6/19/2020,3.07,3.27,3.04,3.26,4643130
TTG,6/19/2020,3.00,3.00,3.00,3.00,0
TTH,6/19/2020,2.20,2.30,2.10,2.10,348400
TTJ,6/19/2020,45.00,45.00,45.00,45.00,0
TTL,6/19/2020,7.20,7.20,7.20,7.20,0
TTN,6/19/2020,7.80,8.00,7.70,8.00,56300
TTP,6/19/2020,33.00,33.00,33.00,33.00,100
TTS,6/19/2020,6.00,6.00,6.00,6.00,0
TTT,6/19/2020,37.90,37.90,37.90,37.90,100
TTV,6/19/2020,1.60,1.60,1.60,1.60,0
TTZ,6/19/2020,2.40,2.80,2.40,2.80,215400
TUG,6/19/2020,8.50,8.50,8.50,8.50,0
TV1,6/19/2020,11.90,11.90,11.90,11.90,100
TV2,6/19/2020,79.00,83.10,78.80,83.10,134480
TV3,6/19/2020,26.60,26.60,26.60,26.60,0
TV4,6/19/2020,11.50,11.50,11.10,11.40,13800
TVA,6/19/2020,19.40,19.40,19.40,19.40,300
TVB,6/19/2020,8.00,8.00,7.80,7.83,295260
TVC,6/19/2020,16.40,16.40,14.80,15.00,972900
TVD,6/19/2020,5.70,5.80,5.60,5.70,9400
TVG,6/19/2020,1.50,1.50,1.50,1.50,0
TVH,6/19/2020,27.00,27.00,27.00,27.00,200
TVM,6/19/2020,8.90,8.90,8.90,8.90,0
TVN,6/19/2020,6.40,6.40,6.00,6.20,34000
TVP,6/19/2020,26.40,26.40,26.40,26.40,0
TVS,6/19/2020,10.35,10.50,10.35,10.50,11140
TVT,6/19/2020,20.00,20.10,20.00,20.00,2030
TVU,6/19/2020,13.10,13.10,13.10,13.10,0
TVW,6/19/2020,8.00,8.00,8.00,8.00,0
TW3,6/19/2020,10.00,10.00,10.00,10.00,400
TXM,6/19/2020,2.70,2.80,2.70,2.80,600
TYA,6/19/2020,14.35,14.55,14.30,14.55,46970
UCT,6/19/2020,6.00,6.00,6.00,6.00,0
UDC,6/19/2020,3.59,3.60,3.59,3.60,81940
UDJ,6/19/2020,8.50,8.60,8.50,8.60,9900
UDL,6/19/2020,12.00,12.00,12.00,12.00,0
UEM,6/19/2020,34.10,34.10,34.10,34.10,0
UIC,6/19/2020,37.00,37.15,36.80,37.15,32450
UMC,6/19/2020,9.40,9.40,9.40,9.40,0
UNI,6/19/2020,4.70,4.70,4.70,4.70,600
UPC,6/19/2020,9.80,9.80,9.80,9.80,100
UPH,6/19/2020,17.50,17.50,17.50,17.50,0
UPINDEX,6/19/2020,55.77,56.42,55.74,56.34,49500728
USC,6/19/2020,5.20,5.20,5.20,5.20,0
USD,6/19/2020,10.00,10.00,10.00,10.00,0
V11,6/19/2020,0.30,0.30,0.30,0.30,65400
V12,6/19/2020,11.40,11.40,11.40,11.40,0
V15,6/19/2020,0.30,0.40,0.30,0.40,550200
V21,6/19/2020,6.00,6.00,6.00,6.00,100
VAF,6/19/2020,8.22,8.22,8.22,8.22,10
VAT,6/19/2020,1.70,1.80,1.70,1.80,35600
VAV,6/19/2020,43.00,44.00,43.00,44.00,4000
VBB,6/19/2020,14.10,14.10,14.10,14.10,1500
VBC,6/19/2020,22.10,22.10,20.30,21.90,1000
VBG,6/19/2020,6.70,6.70,6.70,6.70,0
VBH,6/19/2020,35.60,35.60,35.60,35.60,0
VC1,6/19/2020,11.50,11.50,11.50,11.50,0
VC2,6/19/2020,13.90,13.90,13.90,13.90,100
VC3,6/19/2020,16.50,16.90,16.50,16.70,233700
VC5,6/19/2020,0.90,0.90,0.90,0.90,0
VC6,6/19/2020,7.80,7.80,7.80,7.80,0
VC7,6/19/2020,4.70,4.70,4.70,4.70,1900
VC9,6/19/2020,6.10,7.20,6.00,6.20,86700
VCA,6/19/2020,10.50,10.50,10.50,10.50,500
VCB,6/19/2020,85.00,86.00,85.00,85.40,723970
VCC,6/19/2020,9.50,9.50,9.50,9.50,2000
VCE,6/19/2020,8.00,8.00,8.00,8.00,0
VCF,6/19/2020,220.00,224.80,218.10,223.90,1360
VCG,6/19/2020,26.40,28.80,26.40,27.40,289600
VCI,6/19/2020,21.90,22.85,21.90,22.80,801950
VCM,6/19/2020,13.40,13.40,13.40,13.40,0
VCP,6/19/2020,48.00,48.30,48.00,48.30,500
VCR,6/19/2020,10.00,10.70,10.00,10.50,191800
VCS,6/19/2020,62.40,63.90,62.40,63.40,121000
VCT,6/19/2020,5.00,5.00,5.00,5.00,0
VCW,6/19/2020,38.00,38.00,38.00,38.00,0
VCX,6/19/2020,4.00,4.00,4.00,4.00,200
VDB,6/19/2020,8.00,8.00,8.00,8.00,0
VDL,6/19/2020,20.60,20.60,20.60,20.60,0
VDM,6/19/2020,14.50,14.50,14.50,14.50,0
VDN,6/19/2020,13.50,13.50,13.50,13.50,0
VDP,6/19/2020,33.35,33.40,33.35,33.40,2330
VDS,6/19/2020,5.70,5.90,5.70,5.90,7430
VDT,6/19/2020,25.20,25.20,25.20,25.20,0
VE1,6/19/2020,7.60,7.60,7.60,7.60,0
VE2,6/19/2020,6.40,6.40,6.40,6.40,0
VE3,6/19/2020,6.40,6.40,6.40,6.40,0
VE4,6/19/2020,5.30,5.30,5.30,5.30,0
VE8,6/19/2020,9.00,9.00,9.00,9.00,0
VE9,6/19/2020,1.20,1.30,1.20,1.30,108300
VEA,6/19/2020,43.50,45.00,43.30,45.00,484900
VEC,6/19/2020,7.20,7.20,7.20,7.20,1000
VEF,6/19/2020,116.50,119.00,111.00,118.00,19900
VES,6/19/2020,0.60,0.60,0.60,0.60,0
VET,6/19/2020,59.90,59.90,59.90,59.90,0
VFC,6/19/2020,12.00,12.00,12.00,12.00,0
VFG,6/19/2020,36.50,36.50,36.50,36.50,10
VFR,6/19/2020,3.90,3.90,3.90,3.90,0
VGC,6/19/2020,20.00,20.60,19.70,20.50,922180
VGG,6/19/2020,37.10,37.20,37.00,37.20,10200
VGI,6/19/2020,27.70,28.70,27.70,28.70,524500
VGL,6/19/2020,26.20,26.20,26.20,26.20,0
VGP,6/19/2020,10.60,10.60,10.60,10.60,0
VGR,6/19/2020,19.60,19.60,19.60,19.60,1500
VGS,6/19/2020,7.40,7.50,7.40,7.50,16800
VGT,6/19/2020,8.30,8.60,8.10,8.20,74200
VGV,6/19/2020,10.90,10.90,10.90,10.90,100
VHC,6/19/2020,37.60,39.00,37.60,38.25,749890
VHD,6/19/2020,4.30,4.30,4.30,4.30,100
VHE,6/19/2020,5.90,5.90,5.90,5.90,100
VHF,6/19/2020,13.40,13.40,13.40,13.40,0
VHG,6/19/2020,1.10,1.10,1.10,1.10,253500
VHH,6/19/2020,5.00,5.00,5.00,5.00,0
VHI,6/19/2020,9.30,9.30,9.30,9.30,0
VHL,6/19/2020,27.40,29.00,27.30,29.00,500
VHM,6/19/2020,76.10,77.20,76.10,76.50,1688070
VIB,6/19/2020,17.10,17.60,17.10,17.50,378800
VIC,6/19/2020,91.00,97.30,91.00,97.30,1840100
VID,6/19/2020,5.98,6.88,5.98,6.88,63680
VIE,6/19/2020,6.10,6.10,6.10,6.10,0
VIF,6/19/2020,16.90,16.90,16.90,16.90,300
VIG,6/19/2020,0.80,1.00,0.80,0.90,310200
VIH,6/19/2020,15.00,15.00,15.00,15.00,0
VIM,6/19/2020,17.40,17.40,17.40,17.40,0
VIN,6/19/2020,12.30,12.30,12.20,12.20,800
VIP,6/19/2020,5.60,5.77,5.60,5.77,323040
VIR,6/19/2020,11.00,11.00,11.00,11.00,0
VIS,6/19/2020,18.60,18.60,16.80,18.60,300
VIT,6/19/2020,14.40,14.40,14.40,14.40,1600
VIW,6/19/2020,15.50,15.50,15.50,15.50,0
VIX,6/19/2020,6.40,6.50,6.30,6.50,12500
VJC,6/19/2020,111.00,111.90,109.50,110.00,418810
VKC,6/19/2020,5.20,5.30,5.20,5.30,156000
VKD,6/19/2020,16.00,21.30,16.00,16.30,18600
VKP,6/19/2020,0.50,0.50,0.50,0.50,0
VLA,6/19/2020,11.60,11.60,11.60,11.60,0
VLB,6/19/2020,32.10,32.10,32.10,32.10,100
VLC,6/19/2020,27.90,31.20,27.90,31.20,292200
VLF,6/19/2020,1.00,1.00,1.00,1.00,55000
VLG,6/19/2020,4.30,4.30,4.30,4.30,0
VLP,6/19/2020,2.20,2.20,2.20,2.20,0
VLW,6/19/2020,15.50,15.50,15.50,15.50,0
VMA,6/19/2020,8.00,8.00,8.00,8.00,0
VMC,6/19/2020,9.80,9.90,9.80,9.80,3300
VMD,6/19/2020,20.50,20.50,20.50,20.50,0
VMG,6/19/2020,3.00,3.00,3.00,3.00,2100
VMI,6/19/2020,0.60,0.60,0.60,0.60,0
VMS,6/19/2020,6.60,6.60,6.60,6.60,12300
VN30,6/19/2020,797.21,808.28,797.03,808.28,81044560
VNA,6/19/2020,2.50,2.60,2.50,2.60,83000
VNB,6/19/2020,14.00,14.00,14.00,14.00,100
VNC,6/19/2020,32.00,32.00,32.00,32.00,800
VND,6/19/2020,12.90,13.20,12.90,13.20,471300
VNE,6/19/2020,4.20,4.30,4.17,4.29,256330
VNF,6/19/2020,31.30,31.30,31.30,31.30,0
VNG,6/19/2020,14.65,15.25,14.60,15.25,245520
VNH,6/19/2020,1.20,1.30,1.10,1.30,58000
VNI,6/19/2020,9.40,10.00,9.40,10.00,3400
VNINDEX,6/19/2020,857.77,868.56,857.77,868.56,372261824
VNL,6/19/2020,13.50,13.50,13.50,13.50,270
VNM,6/19/2020,115.20,116.50,115.00,115.00,1251600
VNP,6/19/2020,4.30,4.30,4.30,4.30,0
VNR,6/19/2020,21.00,22.50,20.10,22.50,40800
VNS,6/19/2020,10.30,10.45,10.20,10.45,15340
VNT,6/19/2020,54.50,54.50,54.50,54.50,200
VNX,6/19/2020,66.90,67.00,66.90,67.00,300
VNXALL,6/19/2020,1219.42,1241.05,1219.39,1241.05,390561152
VNY,6/19/2020,4.80,4.80,4.80,4.80,0
VOC,6/19/2020,14.90,14.90,14.50,14.80,33100
VOS,6/19/2020,1.64,1.70,1.64,1.68,322440
VPA,6/19/2020,3.10,3.10,3.10,3.10,0
VPB,6/19/2020,22.40,22.85,22.35,22.80,2450770
VPC,6/19/2020,0.50,0.60,0.50,0.50,1600
VPD,6/19/2020,14.50,14.60,14.50,14.60,31710
VPG,6/19/2020,20.00,20.15,18.65,18.65,184550
VPH,6/19/2020,4.68,4.69,4.55,4.65,53340
VPI,6/19/2020,41.30,41.60,41.15,41.15,463470
VPK,6/19/2020,4.20,4.50,4.20,4.40,89500
VPR,6/19/2020,13.00,13.00,13.00,13.00,0
VPS,6/19/2020,9.90,10.00,9.90,9.90,920
VPW,6/19/2020,11.10,11.10,11.10,11.10,0
VQC,6/19/2020,16.50,16.50,16.50,16.50,0
VRC,6/19/2020,8.40,8.40,8.00,8.25,666560
VRE,6/19/2020,27.50,27.80,26.70,27.80,3677760
VRG,6/19/2020,14.00,14.10,13.80,14.10,79000
VSA,6/19/2020,14.70,14.70,14.70,14.70,1500
VSC,6/19/2020,27.10,27.90,27.00,27.75,77610
VSE,6/19/2020,5.20,5.20,5.20,5.20,0
VSF,6/19/2020,5.90,6.90,5.90,6.90,2400
VSG,6/19/2020,1.60,1.60,1.60,1.60,200
VSH,6/19/2020,17.60,17.65,17.60,17.65,4700
VSI,6/19/2020,22.25,22.25,22.20,22.20,330
VSM,6/19/2020,11.20,11.20,11.20,11.20,0
VSN,6/19/2020,31.00,31.00,30.00,30.50,2400
VSP,6/19/2020,1.10,1.10,1.10,1.10,0
VST,6/19/2020,0.40,0.40,0.40,0.40,20600
VTA,6/19/2020,5.40,5.40,5.40,5.40,0
VTC,6/19/2020,9.30,9.30,9.30,9.30,0
VTD,6/19/2020,21.50,22.50,21.40,21.60,132600
VTE,6/19/2020,10.30,10.30,10.30,10.30,0
VTG,6/19/2020,8.20,8.20,8.20,8.20,0
VTH,6/19/2020,9.50,9.50,9.50,9.50,0
VTI,6/19/2020,2.40,2.40,2.40,2.40,600
VTJ,6/19/2020,5.30,5.30,5.30,5.30,0
VTK,6/19/2020,25.40,25.40,24.80,25.10,2100
VTL,6/19/2020,17.80,17.80,17.80,17.80,0
VTM,6/19/2020,21.80,21.80,21.80,21.80,0
VTO,6/19/2020,7.69,8.00,7.62,7.62,12390
VTP,6/19/2020,136.00,136.10,134.70,134.70,71000
VTR,6/19/2020,38.70,39.30,38.70,39.00,15000
VTS,6/19/2020,28.50,28.50,28.50,28.50,0
VTV,6/19/2020,6.80,6.80,6.80,6.80,0
VTX,6/19/2020,18.90,18.90,18.90,18.90,0
VVN,6/19/2020,3.10,3.10,3.10,3.10,100
VW3,6/19/2020,9.80,10.90,8.50,10.90,1000
VWS,6/19/2020,12.60,12.60,12.60,12.60,0
VXB,6/19/2020,6.80,6.80,6.80,6.80,0
VXP,6/19/2020,21.90,21.90,21.90,21.90,0
VXT,6/19/2020,45.80,45.80,45.80,45.80,100
WCS,6/19/2020,239.50,239.50,225.00,235.00,18100
WSB,6/19/2020,36.60,36.60,36.60,36.60,0
WSS,6/19/2020,1.90,2.00,1.90,2.00,22000
WTC,6/19/2020,18.80,18.80,18.80,18.80,600
WTN,6/19/2020,15.50,15.50,15.50,15.50,0
X18,6/19/2020,3.90,3.90,3.90,3.90,0
X20,6/19/2020,7.50,7.50,7.50,7.50,0
X26,6/19/2020,17.70,17.70,17.70,17.70,0
X77,6/19/2020,0.30,0.30,0.30,0.30,0
XDH,6/19/2020,7.60,7.60,7.60,7.60,0
XHC,6/19/2020,25.50,25.50,25.50,25.50,200
XLV,6/19/2020,9.00,9.00,9.00,9.00,0
XMC,6/19/2020,8.70,9.50,8.70,9.50,10100
XMD,6/19/2020,2.70,2.70,2.70,2.70,0
XPH,6/19/2020,5.70,5.70,5.70,5.70,500
YBC,6/19/2020,18.50,18.50,18.50,18.50,0
YBM,6/19/2020,4.31,4.60,4.31,4.47,7630
YEG,6/19/2020,53.10,54.90,53.10,54.10,8980
YRC,6/19/2020,7.10,7.10,7.10,7.10,0
YTC,6/19/2020,87.00,87.00,87.00,87.00,0
~dkMarket,6/19/2020,0.00,0.00,0.00,0.00,0
~dkMarketEarlySell,6/19/2020,0.00,0.00,0.00,0.00,0
~Down,6/19/2020,138.00,138.00,138.00,138.00,0
~Overbought,6/19/2020,57.00,57.00,57.00,57.00,0
~Oversold,6/19/2020,7.00,7.00,7.00,7.00,0
~Up,6/19/2020,322.00,322.00,322.00,322.00,0
~uptrendMarket,6/19/2020,0.00,0.00,0.00,0.00,0
VTB,6/19/2020,10.10,10.10,10.10,10.10,10580
SPM,6/19/2020,10.65,10.65,10.65,10.65,0
NQB,6/19/2020,16.80,16.80,16.80,16.80,0
HGW,6/19/2020,10.90,10.90,10.90,10.90,0
CMG,6/19/2020,29.90,30.75,29.90,30.70,55980
A32,6/19/2020,26.30,26.30,26.30,26.30,0
